-- phpMyAdmin SQL Dump
-- version 4.2.11
-- http://www.phpmyadmin.net
--
-- Host: 127.0.0.1
-- Erstellungszeit: 10. Feb 2015 um 17:40
-- Server Version: 5.6.21
-- PHP-Version: 5.6.3

SET SQL_MODE = "NO_AUTO_VALUE_ON_ZERO";
SET time_zone = "+00:00";


/*!40101 SET @OLD_CHARACTER_SET_CLIENT=@@CHARACTER_SET_CLIENT */;
/*!40101 SET @OLD_CHARACTER_SET_RESULTS=@@CHARACTER_SET_RESULTS */;
/*!40101 SET @OLD_COLLATION_CONNECTION=@@COLLATION_CONNECTION */;
/*!40101 SET NAMES utf8 */;

--
-- Datenbank: `media`
--

-- --------------------------------------------------------

--
-- Tabellenstruktur für Tabelle `artist`
--

CREATE TABLE IF NOT EXISTS `artist` (
`artist_id` int(11) NOT NULL,
  `name` varchar(255) COLLATE latin1_general_ci NOT NULL,
  `formed` int(11) NOT NULL,
  `from` varchar(100) COLLATE latin1_general_ci NOT NULL,
  `website` varchar(500) COLLATE latin1_general_ci NOT NULL
) ENGINE=InnoDB AUTO_INCREMENT=24 DEFAULT CHARSET=latin1 COLLATE=latin1_general_ci;

--
-- Daten für Tabelle `artist`
--

INSERT INTO `artist` (`artist_id`, `name`, `formed`, `from`, `website`) VALUES
(1, 'Royal Blood', 2012, 'Brighton, England', 'royalbloodband.com'),
(3, 'Die Ärzte', 1982, 'Berlin, Deutschland', 'www.bademeister.com'),
(6, 'Eric Clapton', 1962, 'Ripley, Surrey, England', 'www.ericclapton.com'),
(7, 'The Wombats', 2003, 'Liverpool, England', 'thewombats.co.uk'),
(9, 'Deep Purple', 1968, 'England', 'www.deep-purple.com'),
(11, 'Iggy Azalea', 2011, 'Mullumbimby, New South Wales, Australia', 'www.iggyazalea.com'),
(12, 'Roxy Music', 1971, 'London, England', 'www.roxymusic.co.uk'),
(13, 'Interpol', 1997, 'New York City, USA', 'http://interpolnyc.com/'),
(14, 'Warpaint', 2004, 'Los Angeles, USA', 'http://warpaintwarpaint.com/'),
(15, 'Meat Loaf', 1970, 'Dallas, Texas, USA', 'http://meatloaf.net/'),
(16, 'Fleetwood Mac', 1967, 'London, England', 'http://fleetwoodmac.com/'),
(17, 'Pink Floyd', 1965, 'London, England', 'http://pinkfloyd.com/'),
(18, 'Green Day', 1990, 'Berkeley, USA', 'http://www.greenday.com/'),
(19, '30 Seconds To Mars', 1998, 'Los Angeles, USA', 'http://www.30secondstomars.com/'),
(20, 'Foo Fighters', 1995, 'USA', 'http://www.foofighters.com/'),
(21, 'Queen', 1970, 'UK', 'www.queenonline.com'),
(22, 'Hardwell', 2008, 'Breda, Niederlande', 'www.djhardwell.com'),
(23, 'Beatsteaks', 1995, 'Berlin, Deutschland', 'www.beatsteaks.com');

-- --------------------------------------------------------

--
-- Tabellenstruktur für Tabelle `collection_item`
--

CREATE TABLE IF NOT EXISTS `collection_item` (
`coll_item_id` int(11) NOT NULL,
  `release_id` int(11) NOT NULL,
  `user_id` int(11) NOT NULL
) ENGINE=InnoDB AUTO_INCREMENT=22 DEFAULT CHARSET=latin1 COLLATE=latin1_general_ci;

--
-- Daten für Tabelle `collection_item`
--

INSERT INTO `collection_item` (`coll_item_id`, `release_id`, `user_id`) VALUES
(2, 2, 2),
(3, 6, 2),
(4, 7, 2),
(5, 8, 2),
(8, 12, 2),
(9, 20, 2),
(10, 17, 2),
(11, 15, 2),
(12, 21, 2),
(13, 16, 2),
(14, 19, 2),
(15, 18, 2),
(16, 26, 3),
(17, 27, 3),
(18, 28, 3),
(19, 29, 3),
(20, 30, 3),
(21, 32, 3);

-- --------------------------------------------------------

--
-- Tabellenstruktur für Tabelle `format`
--

CREATE TABLE IF NOT EXISTS `format` (
`format_id` int(11) NOT NULL,
  `type` varchar(30) COLLATE latin1_general_ci NOT NULL
) ENGINE=InnoDB AUTO_INCREMENT=5 DEFAULT CHARSET=latin1 COLLATE=latin1_general_ci;

--
-- Daten für Tabelle `format`
--

INSERT INTO `format` (`format_id`, `type`) VALUES
(1, 'Vinyl'),
(2, 'CD'),
(3, 'Kassette'),
(4, 'mp3');

-- --------------------------------------------------------

--
-- Tabellenstruktur für Tabelle `genre`
--

CREATE TABLE IF NOT EXISTS `genre` (
`genre_id` int(11) NOT NULL,
  `name` varchar(30) COLLATE latin1_general_ci NOT NULL
) ENGINE=InnoDB AUTO_INCREMENT=10 DEFAULT CHARSET=latin1 COLLATE=latin1_general_ci;

--
-- Daten für Tabelle `genre`
--

INSERT INTO `genre` (`genre_id`, `name`) VALUES
(1, 'Rock'),
(2, 'Metal'),
(3, 'Pop'),
(4, 'Blues'),
(5, 'Klassisch'),
(6, 'Country'),
(7, 'Elektronisch'),
(8, 'Folk'),
(9, 'Jazz');

-- --------------------------------------------------------

--
-- Tabellenstruktur für Tabelle `label`
--

CREATE TABLE IF NOT EXISTS `label` (
`label_id` int(11) NOT NULL,
  `name` varchar(200) COLLATE latin1_general_ci NOT NULL,
  `website` varchar(500) COLLATE latin1_general_ci NOT NULL
) ENGINE=InnoDB AUTO_INCREMENT=18 DEFAULT CHARSET=latin1 COLLATE=latin1_general_ci;

--
-- Daten für Tabelle `label`
--

INSERT INTO `label` (`label_id`, `name`, `website`) VALUES
(1, 'Black Mammoth', 'https://www.facebook.com/blackmammothrecords'),
(2, 'Hot Action Records', 'http://www.bademeister.com/v11/kontakt/impressum.php'),
(4, 'Polydor', 'www.polydor.co.uk'),
(5, 'Warner Music', 'www.Warner-Music.de'),
(6, 'Virgin EMI Records', 'www.virginemirecords.com'),
(7, '14th Floor Records', 'www.14thfloorrecords.com'),
(8, 'Harvest', 'www.harvestrecords.com'),
(9, 'Purple Records', 'www.emimusic.com'),
(10, 'EG', 'www.virginemirecords.com/'),
(11, 'Soft Limit', 'http://www.discogs.com/label/204453-Soft-Limit'),
(12, 'Rough Trade', 'http://www.roughtraderecords.com/'),
(13, 'Epic', 'http://cdn.discogs.com/DhRdY2Jk1VENirFi80zvOet5fo4=/fit-in/599x600/filters:strip_icc():format(jpeg):mode_rgb():quality(96)/discogs-images/R-1765376-1323036806.png.jpg'),
(14, 'Warner Bros. Records', 'http://www.warnerbrosrecords.com/'),
(15, 'Kontor Records', 'www.kontorrecords.de'),
(16, 'EMI', 'http://www.emimusicpub.com/'),
(17, 'Roswell Records', 'http://shop.foofighters.com/collections/roswell-records');

-- --------------------------------------------------------

--
-- Tabellenstruktur für Tabelle `master`
--

CREATE TABLE IF NOT EXISTS `master` (
`master_id` int(11) NOT NULL,
  `artist_id` int(11) NOT NULL,
  `title` varchar(255) COLLATE latin1_general_ci NOT NULL,
  `release_day` int(11) NOT NULL,
  `release_month` int(11) NOT NULL,
  `release_year` int(11) NOT NULL,
  `image_url` varchar(2000) COLLATE latin1_general_ci NOT NULL,
  `image_data` longblob,
  `genre_id` int(11) NOT NULL
) ENGINE=InnoDB AUTO_INCREMENT=50 DEFAULT CHARSET=latin1 COLLATE=latin1_general_ci;

--
-- Daten für Tabelle `master`
--

INSERT INTO `master` (`master_id`, `artist_id`, `title`, `release_day`, `release_month`, `release_year`, `image_url`, `image_data`, `genre_id`) VALUES
(1, 1, 'Royal Blood', 1, 1, 2014, 'http://s.pixogs.com/image/R-6006258-1417021637-1431.jpeg', 0xffd8ffe000104a46494600010100000100010000ffdb0043000503040404030504040405050506070c08070707070f0b0b090c110f1212110f111113161c1713141a1511111821181a1d1d1f1f1f13172224221e241c1e1f1effdb0043010505050706070e08080e1e1411141e1e1e1e1e1e1e1e1e1e1e1e1e1e1e1e1e1e1e1e1e1e1e1e1e1e1e1e1e1e1e1e1e1e1e1e1e1e1e1e1e1e1e1e1e1e1e1e1e1effc00011080258025803012200021101031101ffc4001f0000010501010101010100000000000000000102030405060708090a0bffc400b5100002010303020403050504040000017d01020300041105122131410613516107227114328191a1082342b1c11552d1f02433627282090a161718191a25262728292a3435363738393a434445464748494a535455565758595a636465666768696a737475767778797a838485868788898a92939495969798999aa2a3a4a5a6a7a8a9aab2b3b4b5b6b7b8b9bac2c3c4c5c6c7c8c9cad2d3d4d5d6d7d8d9dae1e2e3e4e5e6e7e8e9eaf1f2f3f4f5f6f7f8f9faffc4001f0100030101010101010101010000000000000102030405060708090a0bffc400b51100020102040403040705040400010277000102031104052131061241510761711322328108144291a1b1c109233352f0156272d10a162434e125f11718191a262728292a35363738393a434445464748494a535455565758595a636465666768696a737475767778797a82838485868788898a92939495969798999aa2a3a4a5a6a7a8a9aab2b3b4b5b6b7b8b9bac2c3c4c5c6c7c8c9cad2d3d4d5d6d7d8d9dae2e3e4e5e6e7e8e9eaf2f3f4f5f6f7f8f9faffda000c03010002110311003f00f9323bbbaf9bfd3e6031ce646e95a96b77220882eab70aa78dde6be071c71fcab12d62769d083db383cd6d82f9da3774e83f5ac25351b1b463ccae598efaf8b6efed4bc24f7370c48fd6a7b5be98c80cba95e32e307fd2092bc741cd53525339665393c0a79dc631b4e3d71d6a5555d87ecdf72ecda9df7022beb841d71f686e2912ff0051760b15f5c3b6390b70e7eb8e7d2ab648da4bf7cf4ef4f4e242739c71c714fdadfa0bd9dba96a0d53520a0b5fdc95e3005cb0c8f4ebc0a43ab6a25f68d46e1d53386f39b1fcf9aaa823d84850bdba53d58e4291c019e0e68f681c8fb9661d5efc94c6a97be6160a009db1cfbe7d7f9d5fb5d52e6cefe29afa4bd9e1dee180ba2bbf69c1e73db8ac90c4481771e78c118fd29132564040207424e69fb45d83d9f997ceafaaa29963babd8a2676da56e0819ebb7afa63f3a8db5abe192351bc8fd4195b07f5aae1711200c3d6949c9059ba0e07b7a51cebb0723ee4b71acdf3c851356bd543c10d72e777f9c50759d50e045a8dd3907002cadd73f5a601b989538f519c551bc7cdc8dac159100185da78efc77a2e9bb834d179b5ad6362a8d4ef4639dbe7be011f8d09aaea6383a85e63af33b639ebdea8c52af98a593cc0082573b723bf34d65e7e525460f1d48abb5c9bb3423d5f550085d52f011d713b7f8d4cdadeaaa769d5aedd81c6e5b8723f9d675b44252103832b651141e4bf6c8ec3de901cf00039ec2905d9a52eabaacd1348da85d4814ed24ce7392380067eb491ea9aa3b6c8f50bc6ea4a8b86e98e4f5f4159de5b8242a9202f402a6786795b6c91fcc403861b474e0e28e5d0399925b6a77e9236cbdb80ccacb8f35b2a09ce47bd4d36a5a895595afa765638e67249c01d79f7aa9247e50c008a59402bd4ae0839c9e99f6a646aa5fe6dc8b83ca0fcbafe14ac82e6ac971741591afae14e14e2466058119185f418eb9e7350a5edc8c81753827ef61dbfc6a2104ff67599c1913cadf9cf45dd8e79e0678153ead35bddcf1fd82c45b08e105d47258a8cb3139fc698aeee466f2ed5cffa4dc0f51e6b7f8d29bcbbda375d4c17d3cc603f9d5466c91f367d4f5cd0c4e73dbd0f4a039997cdd48a0325ccc463270e460fa1e7e9532de5cadc15b9bbb901786f9c923f5acd8a46452996d8ea410ad807d33eb83838ef4e27685f9d0b30c90a7eef3d08c71f4f4a2c1766826a336d919ee9c918e0cafbd813c85ed8f5cd57fb54ed33bc73ca137640f349c0cf033fd6aa8c70bbb24f1d3ad05648dd91815607055863068b05d9a967757aa51e2d45a2903e40331520819ddcf18edf5a7dd6b1a8dc4b24cf7b38791b7b2890807f0acd9bcb1b4c726f040e76e307b8fce9e250910dd12382c1b2c307033c03e87fa52b2ec3e66ba961afeee46dad7133939246f273dffa54d15c5ebc6185e4c58b6d890484b33703a6723a8e7bd671ba75321854a06054a83c107b7d38a700b6d7580d0ce071c1254923a8e9c8cf1f4a7642e67dcb86f6f62dc8b737087255be72391eb4e7d535073b8dedc070b8e246e9e9d6b354955ebce33cff005a52f1e448aa5542ae77904f4e791db39a2c8399973edb74cc58dd4acddcf98c09f634f1797511da2ea5532004ed949c83f8d56817cc04bb468aa54b1cf23270303bf38a1c3248525468dd490e1860823b1fa51643e67dcbc6f35095373dc4cc91c6a1b0c70aa381d2a29249cc22417326436083212df51ed554b7cdb4f6f41daa4fdd272b3073dd40c63d473f5eb4590b999616f6458da392ea7319393b64246707d4fbd450dcc802379920650140f331f2f3919eb8e9cd5473b8ed0738ed9e94d99d7e5c33607603345905df72ecb7176d18cdcb08d5bef6fef8c6091db8355659a565c19b807fbe78a8e397cb66dca597a15271907d4fa54b1ef58d26da578055bd8719a1582ec90cf7703fcb34d1b8ea77107fcf4a6b5ccdb30d3c8c14e465cd3199042b86cb0eb95c153d31ee31dea177010f41fd680bb2dfda2e32cde731e3fbff00974a649302548675217e63bf24b0f4c7e149048ce1623bd873b15403927b7e27f2a8e590798a63f91c0049ce7e61dc7a73f96298aed8f8dd88663304007397ebc8040c9e4fb524cf2413794e1918767ea7bff223f3a8167923321460cce0862df3139ebd7bfbf5a8b705c6e1b73d48a432d48ec086c939ea3775fca9e37aae172770c9f63e9d79fad4115c3440c65626019490ca0f43919ee3dc7714e24ba3b02aa15776091cf3d07e7f95021d2c6e0eec7247427f5a10e5496e48f7e9485944cb14ae11411bd906ec0c670314d824219a30c8be636d123f0541046df4c1ee680b0ad2b0753195528770fa8e87dea02ccd06c25481923000ebd73dcff4a260a18bc3f2267a16dc4740791d79cd4574d893dc0c9c0c0a7601c670ff003b4a7767b938fae68170a9f338f3140fbac383f955785432862460e720f4f6a47f2b6b2484ee2b8523a67dfdaa464db83a92d28f93039601893e83f0a609bcb977a8cf5cee39fd299711b45b99bf7650aef43f7b047040ebe87f2a6874f915d013821d83f0493c1f6ea38f6a7b012c973896249ae2468d782b839008e473ef9faf5a73dfcb222a384e32cb8240e7961ee3bf393552624b12c4827df3fcea62f2c96f225aaca6155496e17230187191df193c7d7f1a10324927dd164160ac3207391f9f5fad56123925f776c71cf14885a5511194005b680ed80a4f53e807ad3190855911c3065ce6390160324738e878a6e2172499a21e5460fce4067939dc3231b7924100f20e39a2331b49b6493cb4c121cf453d067da8b790c6eae6242541204832adec7daa2b544dc55da411701e5116e2a39e71ff00d7a1bd2c03e39d5a31b976b0e0e4920e7386e7bd4935dc4b0aac672173bd812324e31907b8e9512a4f2ef6585e51b82b600396209c63dc0278a7c72c91345384388a300111a819392bcf71c1e4f2714fe20ea44d3054d8586dda780480302ae4d3d82ddc7f60376d0346a8eb2001f38f9c0c671c8383d79aa636ab0070b9246e233d7f956fe95a45f6a718bc7bab32d2c2aed2cb295718dc36607249e06403d47229bb35706cccdd2427119f30951b9bb67bfb0ffeb5753e0b8b447b86fedcb79ee23f3230914400129ddf3a92586063b0c127a902ba3f87bf0d6df5fd4ec74eb8bfd489bdb659a25b2d34cab192030f3093b48c13cf6c0e99af45bbf0b7883e1aea09a3dea0d6b4794af952ca48460efb581500ee6e9f2919c676938c55d9b24e4fc51a368e27d164b2b8b58d3566b812dbba6d16403ac71b2c9805f0a7ee92471ed9aec745f0bdb340fa84177a06953d9ddc88d05c5eab8daaccbe58576f2dd0618751c106b13e21e95a714d28e99e1b1646d34fb87ba912e83c6bb1d312214c71b4676901867915eb3fb3fe85a72f86614d4740b467ba46b98e59c2cdbbe6c301bb247050e0fe742dc668f83f53d2e6bc90ea9abf8064b7863f992083c9b8563d09dee576e3bae4515d9f893c35a76ada34da7c70c163295ff47b886de30f6ee39575c8c707b742323bd15417b1f99d0c120f2e5cfcaae01f9c03dff87f0fc2b5e36dcc38c06fe11c52ea56b0c37b243fba7b88f6979232408dbf894762791ce4e719a10e4a00a78ea7fcf4ae1abb9b52d87f495b72f0738fcaa451981fe460001b9b1c2fd4e3029a9cb303c0ea47615e872bebbff084f8226d16e248e585ef3cc6132a2464cea57cddc7010ae7ef0c119a508dcb72b1c0202f2204dcce4701467af4c5492f9b1cf224a1964562acac3054fa11eb5e85ac699e18fed29bc45a04b31b63acb0b3fb19458acf6491152e1882237cb95c720018e84549e25f0f6917fe21d65fceb88752967d5278ad9eea361725079903ab6000b21661b7393b72a6afd9be8473abd8f39dc4440039ee3da95c90172bbbf0aec3c41e1dd234ed27556b6592e6e60b9b311c86f93e48a5b7deedb470f8906df6e3d2a6f87eba5c56ab6bac3aa47e22f334e12945610c78056424b65312f96d9c7210f6a5caef60e656b9c7ad9de645c0b2b8113a34824f21b05578660718c024027a03c75a8a371b5b03a0fa026bd334886e22f0edbe9f71b6794787f54b67b68ef517cc7fb5a38456cf1bb0597d4722a843e15f0cde5f2fd8b5194c06f9a19835e440c2bf6312aae481b8898b47b80c1dbd8d374de81ce8e09d982280723ae29ccd89578c03d78aeef4ef0ef869edac9ef23bbdef6fa6cd36dd4e35dc6690a4e806de3670dea075e39ae3b53b7fb26af736c8c6458a692256dc0ee557600f1c72003c7ad2716869a6578b89988e99eb447192f24df360e00cf2318a7448013b94e4f634ff00361f264463f3820aec231ef9ef9f6fad5d3b5c8a8ca1280b2170323a0f6a8e7284a9843f0a0b6e1fc5dc0c76ab13a4647001620024fad5678da12d958a6c968b7ab8652463247e0460fd6b47a10491babb1011550b1600f41e9cd4db94919da36e09c55124ab05ce39c0c75fc69f09e3f8b18c67a13eb53702faca85809086f95b6e47ad5d8a48fcb2a40ce3396ce40c741590a216940695d1812777960a85c7b1ce73c7a62911d95f7bf2e17f88e719fd29dc0d34885d6a31432cd0c0936d06566f9101e326ab48a15de1051f126048a49181c71ea0d35e405b71488f5203676f231d3d7393d6a5369711db4133b4452746917122e700f71d8feb408618d4371bc2f4071f7bf0a8d8740c7f31d69de610a15890a32719a8a3db3c65151cce64180bc8c63918eb9e9f951d061944c609c804600eb4bdc65769f5a92188b6fdcb86552412c170dd075ebd7a7534d9448933230c10cdb9491d475c63fc9ed45b401f1867608a0b337007afe14ff294c4488f61e3279f5ebfd2902f971b1cc6c470a41cf39f5edde9c2446b7d81363600f5c9cff2eb4d26227d134d9f56bb36b6c6246d8d21f31f68c2f279fe9512293284b89769dd879482d819e4e0726a1477460c1ca91c6549cfe95267cbda0488e19031c1e067f87f0a400aa9e5a912464b37dd1f786075fc7a75a57b86751b940091854da480bebf9f3f9d23a2888b9c17f9940c11b4e073d307e9f9d3dc45e615894b285c842d9c923939039e79fc3148190200cc32c464e324faf156751b47b0bb9ace430ccd1b6cf321977a13c648238231c510c61e748556300027324bb564dbc9cfa6ec600a8924411c8a614632000673fbb39ce473f8739a604b0a25cde793e6c3107c156da7603dc600cfe3ed4168a1585eda499660c493c60631b4a9ef9e4f4e2a15014f184fa53b890002353b32490304fb9a00799615b6310b68d58c4237623712739dc33f74e3038ed52cb7d34fe69758bf7eeaed88c0e47a7a7be3ad537c15e996cf63cfe352bb46b2b7965fcb2dc6fc13f90a16ac0b2b7aa208a17b6b7962494c9ca61ce4636961c95e338a5334520ba9deda2f9f01021dbe592472ab9e470463df355da56748f7e080bb570074ff002686895a38cc6db9d90bb0c8c28cf03d73430268e085ae1207b8f21bcb6329954001d41ca039c1e8304e073f4ca69aea1e25369e7069079818e03af04a02785e075ce6a980e48c9db8e38abbe6288d465240812558636fddee0769f317d481db9e7f2402ebf2dadfea3797ba5e9ef6764cdb96104bf94bd064fb9aadcadac656e7224277463391b7a1f4ee71f8d3a47c09a44b85594b6d3146876153cf5e9c1ec7355dfe57193c11c76a6c0964963f2842563de8f933267f780e0e0f6e3e9dcd36296658258d19845300255006180208ebef4c91bcb8b6b40ac5c8657e721707f0c1fe94c63208565195898edc8e03719c7f5a4038360f39f5cd59373e63c6b3dadbccc91ecc14db90170325719c75fad5650c582f03ea702925900607705cf66e4a8f7a60471ac66654790206232edd07b9c7e67152c90b1b874b70d3a42373b81f2e0705bd42e7b9f51469f7115b6a304f71145710a38668dd4ed703b52ea3776d35ecf3c10f90923e5625380a3d297419179cee91a17cc680ec1804609cfe3cfd69db4b4481332bb6e25401c003f0c1eb4e5b892e269fcd5669ae30626f9010e0e464e3818ce40c76a694916540ec81a45571860d90dd09c7424fad0045cf2a171d38c6062a7924924558d225ddb48c01cb019c93eb48048a40f2c1ce460104f1d7ff00d74bad4de63443ecb6d134512a116ff75f1fc64f7241e7e94c4460aaae37295640c3683c75fd7daa39f01401122965c6e75c718ce473c934c4958632db820f917b127b1c60e3f5a891f19fdd6553ae18e72475fca9ad412113632903800f7a6336d600af2475a59e30b12f94ec6624b1ca8008c7cbce7a9e723b714c52cc07987903bff9e6937628733a6c8d50a11b72c46480c739ce7bf4150962090700e7ae0631539116d6f31c2655be624e338e3a7bff004a8ee14671e5a460a29555903800a8efebdf1da8dd682118ab9c104e0679a46688c2e5ccbbd40f2d547ca79f9b3ce4718a644b988b2b8217bff4fad4db844d81145332c8ac2424e3a7ddc7420fafb7bd34db60ae4766256902c71969f7064c2e48c73c7e033f853f7170a7cb5523713c1dcf939c9cfe5c629a0091cf088092dc038cfa0a73ab792fb54ec5601cfd7ffd5496e022b2f96e25dfe6e385001079e73cf031de959ae634dade6c71b80c53901c0e87de9d221118071cf2013c6338fe753eb17fa85f7d985ec82658e0021da1461471dbe9de86ae25b94a106652b2068b60c47b5738cb64824638e4f5f422a541ba250a985dc64760c14ed1d3dc7af7a6c114cd0cb204fdda101f6f38cf4cfe34eb68f2ac18e0970a49190abdff004e7d78c553bec55cdbf077872ebc4fe27b6d223658d65992179c11b5779c2aee3c658f033c66bd6adec61d53c12be1bd0fc3b3fda7509e6b64bf96050e44471e5925881202a471c2861e9593e03b35f0d78464d45678cff6e5a2adac8879fb441731b801bb1da5faf4d86bdbb4b820d7f5ef0c6a1369d612c124334821b499a08da74dd148361006f6219baf5506a92b2b08f33f0c5ce90be1db13aa695069c64bc57b4d41dcc72c5e5844954cc01200ddb8a9195ce4640af42f8757967e2dbffb36b6357b9b1ba7dba6c97b7493c0ef18da8db9492c77ae402472a08ef8e87c37a5d9c1e11d3249f436bd8f4dd72117301b712ccccea11e4c7a3178ddbb11b8f6ab33786ecf46d5354b0f0f5d98efe1863bbb9916051089fed21a0023036afcac47c983803b9a6b4d4454f14fc36b31a9eab3e8935c5804d1655bb54024867778c920c6f900304c1db8fc2babf8736dace97e0cd1eca4b0b4b95b6b711091653149807bab023a63a1e78a4b0f12cbabda5cd96a3a72d8c97566255b9b60d2a3c4c76312b8dea54e548e7071cf35a4de298a5d52cb4ad2ece46f3dbcb592f0b5aa1551f37961d774a428ce147e354ac337641c13de8a74a07e145303f31acbed26c6590425e0645cccafb4060c3049c73e98fa52222ab0084edc7a638ec2a67d4613a40b08a320999816320394c92bf56078dd81c7d69a559587ca704771d2b86a9ad2d870662f9e4900800fd284542a5cc7b4ff00bb9a556519dd9ce7b70686602100c9b7a120bd67e6684a5537ab9f9b8e7295a3e18d3adf53d7adb4eb86315b4acc667451948d519d98023190149ace2d821588193c7cd535b5ddc5adcb4b6d70d031465de8fb7208c119ee08c823d3eb551259d05a783f5369ac4cc9671dbddbc454f9a1982b94c29c0e1c86e9ea0f231562d3c197177acdb48f6e8348b993cd2fe665becdc3649033bb630ed8c9fae39e8f5ad614148b54bc51bc381f686ea0e43633d41e734b1eb5aaa0441ab5eaae36285ba60b8e06073e800fcaab9a2c5a96353d02ef4d0f35cadba832ac45378664729e66d618e19548c8fcba1c650f2da263b572071f2e78ab7737f7f7647daeee6b850c5d7ce94b7cc4727939cfeb5512450194cabf8b007f9f5a976be835724223098d899c60fcbd6a652b1322a18f0063a703da981814ddb9383ce5c6471f5a562038f9948c673d7f5a60481c97620fb62aa00fe64adb495461b881c0ec327b54cace1895da0e3d7b5493e97730e92ba93cd1343752b28457cb12bd0b2fa706aa1b99cd685242925c112bb22609dd8cf20703039e7a7b5572a5df08ae58e461475fa7d2a593caf25999809778511ed3ca9072d9e9c7a52c6cb04ccd094768c950e32011c8dca7208f515a3206195245676b745dc542ed270001cf1efdf34ab2ccd1244ee36c418aa630393cfd4fd686c15408aab85c1c9279f5f6a1163337ef63f323046e40d8dc33c8cf51f514806c922909b11970a037cdbb2c3a9f6fc38a9d24758537481524c3ed0de9d091fc89f5a8c087202c24beef5e369e83f039e69c37a83893864c608cf1e83fc2980e95c3ab124e41ceecf5f6e94d4f299172d86190401c0f7cfe7f9523a30da8483ce7ad0e9b5036e5279f9476a100f93cc5c864da5d432310738f51f5ad58af56d6f22bbb2bc44fb1645b46d091f2e01ebce4b127a9e3d7a565d9dbcb30d848591909550a7f78dd9463a679a7086460cfb0b247cb607ca0640e7d39e28026bbb996f6f67b8badc7cc26491631b4671d718238e3f5a89658d1192304b36007279dbdf8ef93ce7a8a6b23f0e500571c039c63a1e7d2a5312c6bb418a50c72b2027202923a7607dfd29a57024591b192c8c8485c00338e80d49265e211190158d8b6e07e52718c8fc2a0450832e31c71818cd4827758c08c2821b782541e9fcc7b552db4245b3b68e79f692762a348fd3a2827039e871d7deb4eddad6d63bd17da3ca1675cdb36f3fbae37704f5e0afbd62a96ddf280109e30b9cf4a943316eb907de98ee4f119a58da38e758d40c6cc91907a9e7a670013c1e9492c8386791a566f9dce4a9048c63bf4c0e7be7daa0de506060639269f298de67300916224ec5720b01ef8e29377122495a39646992dbc924e4c49961d07233cf5c9ebdea12ac8cd9c920d2c41890a48c1fd68c0382b819eb4ac31d100c492460024863807da992290ca42213d78cfcbf9d2ba32c850a9465382181041f7a57f9490adb947723146c05bd1ef12c3528af5ed63b9d990639802a723155e591cde1b88c7944c9bc6de029c9231f4a8db6819dc7af6ad3b6d3752be9668a18109b38f2ca58020673f89e69014ccd7136e4dc3963293c03b803939e3dffc2960b5b996e20b6850b4b2636053cb64714d4daf6e6169594b3171b5011d0819ee0e78f4e41a99361871e5334a1d231b30b81b7eee3d49c73d6802bdc46a044119b7347ba4de00d8724638278e9f99e2a6d5ae25bdbd967912d95f014fd9902212a00c8038e71d6abccaecdcc7dce1cae37f1f976352e8d35b5b6a56d3dfdb9b8b549034b0838de9dc7145c0855870a5b710bc1c838f6cfa528cdccd0db97b78b811abb61147a163dcf3c9356f5bb8d36ef57bb9b4db57b6b367260889c951e87f5aa31c65f77960e7a803d0734dd810d69e56f9652b20081012a0950318c1edd319a87865689de5c0198c0e4039e7bf156e18dae22582dad09781649247527e64eb920f4da33d3ae69b631da4f24897573f670236646085b7301c2f1d33eb4ac0574dfcb10c31d78ab3751e9cb3c6f0493cf188d199245d9b9b3f3ae4741e86a243ba311104f39e3a027ad3250bb542a02c072413cff9e94241b10cea19c85421371da339c7b67b9c56869fa4dededdc7a746b087588cc32e3386c1e4fa9e383d2aba48b6f711bab09d229038c310adf8f6fafb50f342c0c8b1491cec49f3165e325893c75e840ebefde9d8498c016349239dda3de42b22286dbb4f39ef9f4c1e79a4b5085031206cc065545cf24eefa9c670704e692321771250f18c3004b0f6f7e3af6cd3df7340223c2825828181cfa63e94ae316e232a1e5552203318a36908de081c29c1f4e4fbf7aaccdb549640194e415f4a74290acc82566085b1210012149c1238f43f5a8dbcb57da732229c36ef9430f7ee38a1bd0059176c6d2380caf801d1c10ac4646703d3391507ca7040008eb9ed9ed49244c830e48f7c0fae73f8fe94248ffdfc0ceec1cf5f5a340258446b28fdf2451608c98f701f29eddfff00af9a8e20b27ca5a34caeecb9c05ff3d29c1c7c9e5222b2e39c7523b9f7a479a4958cb2104b125b23a9a56b8c69112824a9258607cd8c1ec78ebe98a8d46324afb834e3831e481939031daa20eb21523824677678c7bfe5d684ae03d5a4785a10ec230c1b613c6718071df8e293e6620166c8e33d734b116de4330da7db2686dca4920f5eb4ac21482d20da403cf03a918a7f90c64411bc32129b880dc0f9496049c723dbae7bd3f50bb86eaebcd8eda3b65c00522cecc8e09fc719fc6a2d925c2148a21bc2b371c700679fa638aab8242018c3232b77f94f7a4542bc9040cfcd8c723b8f73f5a91a38cabbc32314126c5cc64704753e873fc3d4f5a99513ca91bccf980f94328ea30197f0e79a71571ea40f22c9f772fb0948018c16dbb89c71c027f4af48f82be06b4f1b78eb4bb286f238a36b992e2ea127794b688a375e84b676e33ea7a57156ba6de2d8cda8dbc665b68d4c53c8911db10638dacd8e18f61fe15ec1fb37eab69a2f8e343bf8ed65b68ae677b3bb90a031fef50f96aa701b712a0f71f2e075ab5b8afd8eebe26683a3681f1a20b48a182d6d352960d66da2443b63bb4711b205e9b650493c01915d078abc12341d4af2cb45b892c62d3ee3fb674a620c8aa4c859d4e4f453900770c33585f1c6db513e2bd37c4f784c13c5a825a1559331d8a98b7441d871bc39566edc9f4e7bcfed9d53c4b6573aecda5fd9ec750d3e186ce60e31b5665925c93d0b00ed8c701077a6901d4f85b5bb97f0f6ade23bf8e082377122c4188d85624470c7b7ce0e0ff74835cff82a4bbbbd72e24d464bbf3351d452392ddadb6b46622652ee73f2a6c0800eb875079ad7d3ededaefc2165616b72b1c9a9dd32ab0604968f7c9f8e362e463a0c5745e0fd0e4d0f49305cdec97b75349e75c4cc31ba428a1b1fec92b9fc6aad719c369d79258ebfe1f8aee05b4bbb190c57c410501bb66548c3750488d1caff00b42bd3278a291e39258d1de324a33004a1230707b715c9fc40d3ac22b683cbb67596f35189a43181f7cba032b120e594741ea6ba8b2175f66d978499959959c803780701f038191838a1004833d28a59be504d14ec07e726b3a1a699e19175a85cc126a1792a48815374c9b7702afc61719048cf753ed5851e4aa2f3cf0a4af1f8d777acdd5fc9e10b8b8bfb0d4ccd2c2b6fe75cda4882d5438222520edda78ceec93c63a57091b10eabf740f43fcab8eb6acd696c6f783a6d3adef350fed068235974cba86079a3deab3b2e236c004820f46038ae8345d5b41d3cf86ed66b8b096da08aee3d4a4167bc392ce61cee8f2dc15fa60035c4e08909cf4e7071cfb5779a8587827fb5f5bb78e48a2d3ed9edfecf731ca59c46d3c62431fcede6911173d38c74c8a9849d852b3dcc5835b76f07dfdbcf2da8d59ee60f28fd913718824826c109800b143d8f19ed5bd26ade181e24f135fc377662def84634f5fb2b279404b193d63213e50fd01c8ce4f22a9cba668205ea34da289e5b5bd5d3e38aec90b22347e433397da77297dbbb6e4e4119c54d6f61e137f0b6a5cd8a6b481e2b60b7457738b68db218b6dc799e663236b11b723835a2b8b432bc3f7da2a68fabd86b01644ba9375bba427cd8dd0332b2923e5473f232e7a3e7195ae96e75ef0a0d7e5beb716ab6c75669ae2d9b4f252f2c5a24510a0dbf2952241b4ed07786078ae77c6b6fa345f623a32d9bc66280cde54a1f2e618cc80e5c9c07dc0ee0b8e82af6b43c310ffc24c2d2db48616d7d12e9444aec648199b7953bfe701761cf6f7e6926d683d37226d6b41b8d33ec77168b15f45a7c704175143912fccbbe3b85c0dcca03159179232a73906af4be22d13fb76f2eade6482dae349b85f285bf99145764308c4459036c19520b0f9338c9c0acef0e41e193a758cf7f259babfda63d4c49315b9830bfb8784020303c74ce5b20803151eba746b7596ef4e874b9d65b1b23043bcb159c20fb46e4dd91f3efebc74c53bcad7b8596c6de9de23d0027855eee688359491b6a49f6566dedf68919b2a136b8d8cbf367db04573de30b9d3750d51b52d3e68511a2b78c5b3c6cb36e09b5f76000c72bb8b8c6edca700e455ad5adfc3b37c43fb25b0d3edf415bcd892412111bc38079724f39f973db233595e2fb3d2ed35f29a25c24f60cab221f344854919d87d0ae76f7fbb9c90454b936b508a4999698692421474fe2079fd6ab64bcd2c3e60dbf332ee638185ce39e86ad03876f4e959d2ac45a5c1f9f3f7769e3a739fd78a50098d3862a58e17d7d2a5468779dca495471e609061981e08c8e8476ea7ad5bbf974c736b2d95abc32a465662ce70ce31861cf1c9ce3daaa3932dc84b99e36ddbb730519393b8e7032727bf6e9d0568664f16d2cacc0924e4856237e7a0e9c77cf5eb511c26fd8bbce7ae7f4e3b1a55696eced5e0b31708cc063d7dbb75a40c472aa8c190afcca0800fa7bfa1a40242ce5c0e76fd4ff005a9d0a2b8dedb54e7dce7069b6b1ef01c15c67690080d9c6738f4f7f5ad26b31e523302a4a2baee520b83c1c738c77c9eb556b0190cc59b9207b9e8297c8b836bf6ae04624f2fef0e48e7a7d29d7276120f5cf03d698e8c8ce0864707078c1a404e19405f2e477cae5c32e30de83d4631cd38c8cb132ee2011f300480791c7d29b3cf0c84cb05b25b962731213b17d304927f3a582748c15786391f706dcc49e076e0e3068dc4c58b72328da8fb94a8565c85e7b7e74914324b388e2fde331380add4fb7b714f823966992183999dff768ad8e7ebf8d3224421d24cc6d183b555739607a0ff38e2a9683240369033c7a535881c1efc6695060107a76148ea7862771e80d09d842a6d4906483f43561a517170ce5a188b02c4e36a9e33818e9556229e603229750412bbb191f5a9a15528accc106d27839c638c1c72295c074b70d22c68ea8a238f6a954c375cf24753cf5a48da58d9275665c11865e3923a7d714d0c9b1e25dbb89043f71d723fc8a9c4a7cb551b8911796dbf0c319c8d9dd47f9cd3b809111b46073f98ab27cdb84445504a290b80338e49cfaf7aad11da3181bbf2ab6ed6c412825561b70ad82318e727d7774e3a552d8922b99269e4579983b2a2a671ce074fafd6a38957ce4130631ee1bb69e719e71ef8cd3a78e4523e5601972b918c8f5fa7bd2b2ca2159329866d8a377cd91edd874fcea4617a60fb5cbf642ff0067de7ca2ff007f6f6ce38cd10cfe521fb3bdc4521c062ae0061dc1ef524b142e1cc0c7118c8770419093c0c7201c7bf6aaccb245295911a3910e0ab0c153f4a1a026b310e4f9ce8a8c700b2ee3900903039c138069b713dc5cb879a532305032c39fc4d2af9276c4171217c190b6060f038c7639e69272c8c50b2b842402a723af6f6cd24ec31b80415cb1565e7a7def6fc6a2772ac320fd33d7f2a0905b19c77a74453765df6fbe33f850030a16e4363ebeb48abb541c92e4e0aede00c75ce7fa54aa475c9ebcd0c046ea4b2b8386c60fcbec7a734010e5571c03f37a74a966859225292c12a10bb8a37dd66e769cf39e0d26565bc64888113b610be1783ebd853bc8c2993cd544d8ce9bb20485480557d4f3f4e2a92b88889240e36f1f9531d159d721b181bb27bd270c573fc00f53526613081b5c4818e4e78231c7e39a490888b2e1fcc04b63e439e07ae4639c8e290e02e41c1c67de9d2248a544aa4138233dc1e87e8450157cc1970091cfca4e3d3f3aaf5018bf3b9de7a83cf727ad3e47774da6438cf09bb81c01c51b8b28079c7b75abf25fbbe8d06982da1c2485fcd5401dbd89ff003d2a6d628c85628ac42b301c066edea7f034f0d0c904c03bc4f23285f9b31e01390ddfd08fc696592431b421cec62199070a48e87f9f3ef443e6cb766e65305c658caeaee002475c804609e78183c714ada0329b2c81464ab0232307214671d3b67d294a8dbf29dc0fb5491c2ee7019306439048c2e0739e781c8e4fd2ad5a4d2da5add2c4f6f8b880472248a19b6939caff0074f1d47342408a22264883b3000e48c63b6476e9dfafb53090d1e06428cfe74f5188c91205c7407d3a6298a08caa8183c91de9b400861c48b30521a16500827e6ea08c74faf3f4a2e24598a3b06699890f850148180b803a0c0ef4d8d888e68da10fe60f979c9420e723ebd314e8bf786388224479cbaa1776cf623be0f000f5a10587a902263b807ce0aed20e719cff004a00dec8b9505881973803df34932a2a23295c3ae7696cb29ce30781cf5fc08a8a140ce59632e54648c67007534596e343fcb40a4337960024109b8b31e31f4a82255c7cc7e7e801e403ee2a69150a205dfb8312589c8c1fc3ebcfd298810cac8ec381c33640a5cd762243e54cf2398bcb8812d82e5b1c600cf7e71cfbd3a367f3d59e25488a0520038c600e7d0e79a258e684c893078d4e032f2011d707d471f4ad3d22f2e2c2e61d4ece774b98e5f3422c400001e7d86791d3bfad35a01ec3f0975d4f0e4771a6ac3a6eaba46a4a91de3491996de75042ab141fbc1b5b23a0f51eb5d77c0ab3d14fc54b7b3d36d627b630c92833a92b1f193140dc871bb6b0ce245da7772715e47e07d2f4ff00105d8d4eeeece8f26ef3c5f461d76379a7e56e007c20c8dbf367b1ce077e961e26f0af87f46d6f5a9ada2f0a3caa7edd6454ccacca57fd5a30e0855dc415dc48dc073569d80fa4be21f85f4ad53c15a9e9b2c3b21b9b98eee6da7992412a3658fa1c007db359fe0dd1cea3e1ed2b45baba59ac74bb196d2f0c040134ef94c2b03d15377fdf42b5bc5e8fabfc2dd416c64331bad2fe47570598141c820e3763df19ab1f0bf481a3f82ec6d885dedbe4720e4b658e327b90b8e6afa8cd187c3ba64173a7cf04022fb0493c90a2f40f30c39faf5fceb548a70c62861c77a60616b3a3cfaa6a310ba99069d0a6e48947ced3ee1f313d00551c639cb13dab55f927dce6a53d2a27a00af3f4a28981e68a633e4df8c125a6a5f0ca7d52d04fa7dc2471d9ae988032adb2aab6f7247cd824fce307e6dbd383f3d1520ab606338c76fafbd7d6dfb48e9f6d0f87357963b076ce9e256751b5627124680f4c1c8017039fc2be4d65cce150e7ab6dae3aeb545d33a7f09787ed352b24be9d6eae14ea51594e96b28592da271c5c3641cae7239c2f07246453f55d074eb1b0b6bd8c5c5e59369b24f25cc7362392759da3da0e0edcaa83b4e4fcd9e95cc0c0663900e31c7a5336e23f941001dd90719359a6adb15cad9d4ebda3e976de25d2b4a8e4934fb5bb4b492e2e279848b189e342e4f03010b3727d39ef5b16be12d23328d423bdd3eee18b502f6b25c6fde204568e60cab928d92a400738cafa0e0881b8295c8e71eb4111f9a13cb1b400bc0e829f32ec2717dce8bc2d61a4dfdeeab14b15c4b0c16773776ee974577794a4a21caf3bbd783ed9ad54f0d685268d05f2dcca9713787aef545b5f3093e74523841bb6e00c2ae57a93f85731a2f87b5bd6a276d2b46bebf489c0730c5bc2123233e9deaf5d7833c576b0bdd5cf86b538a0894bc8ef0708aa339273d873f8535b6c0d6bb9a9e2df0e69ba5f8cad74cb45b83652deac0646989322931e486c638de7e61c74ee0d5ff1378374bb6b7d5ffb1d6e6ea4b75b5fb3446e03300d34d1ca587070044ac33fc2d9e8457031ed5938da32393b4648a62448a3fd5af049e052baec093ee7716fe14d39ecac6592f8bdc7d96e16ead7ed0a8c6f563f3a18037f0874603233f32300791458f85ecaf3c397b7c2d85bead0dc18e1b096fb065410090edcff0012f2db490481b7ae6b8a288620a1558770c3ad44f128752aaa491d08068725d8127dc7953e66723e6c66aba6d324dbc8c06c03d8f4ab3b0090f38dddf38cff0093458c5653dc5cadedd9b7da84c785043bfa75a74d6a4cca0de5bc9f22632a3ab16c9efcff004a8f6a797bf81fa6467d7ad4b0155ff59b8a7e58e3b66a5429e4a32b3b310c5cb0017d171fd735adadb19dc4f2d95944899dc036339e3b54a771b3ca70cca41c0edea49ea4fb7a522bb92cf230766232580c9c74e6a5b5107989e7318e22e03b2f242e7920773ed42ee312cb0b323cc1bd480d8ddfd2b563b7696df7078867736d0f8618f51efd877aa33c70a5e4f1db4c66b7f30f96f2460332ff0009c7f0e6a78e664dec846146e6e9c0e07f3354bcc964dad15bb6b487ecb6b6de5c5b0b0600311c9624fad650d9b790ce083d18024d2dccef75701625cbb1da1401f4c7e74d9d5e37cb36e0a003b3a06c72a4faff0081a4c6841b4a142abbf76739e83918fa73fa53768c82b81c76a7287309611a6cde32db33938fbb9fe94f8ccc6d657424c39457208ebc95c8ebda93d07722752aaa5d30afca93d3d0f14e040600639e94310324018273cf7a7348acb1858910af0595705b27a9aad10aec5572640a578c73e952054318f9f0dbb85c7eb9a62aa99424afe5e7a1c13fa0eb4f7545c3232056c10036483e8defc7e46a75b00c8e2cce137aa0638dce7007d4d4f0341b278a704b14dd1303d1c118fa8c6455770cc090ec76f241e71532cc56d0c419f05833a9fba48e01fa8e68b01195f98ed2739e0139e3fc6a512b11e5a92bb970d8ef5103c71c7d6855323aa267731c2803927d3eb45809e17f2dd242aaf839d8c783f5c516caf2ccb1a0cb31000c546aa572bc1383d7a8c1a7bc9133031c7e52718c1cf41ea7d69df411217954b7ef8952367ca4e1941e3af6e334b13c5e6133a194104101b69271d73e9cd441d86d577621738079009e4e3eb56ac24b4599fed90cb347e4b0511b6c2188f949e3b1ea3bd1aa18c25995950b85243151c0240eb8a837b34a6491d9831e58927f1a70666408e59957a0f4a458e496611c71348cd938039e993c5485893666ede3b76f342b1dad8dbbc0ee33d298b2aeec911b6e0472a0edcf71efef51b63661482bfde03b53cb128823405dc18f6aa925b9c83f53d38a008e5ce0c8b8284ed1cf39c67a75a91d02c40e5e325164019483206e0e00c8c0e4e73cd40e0a8207618c7bd5bd1bec6bacd9beade63d88957cfd9cb14ee0536ee3208f807e5c63d4d4d246637759e09032e54a9cae1bdfe9e95a5e2b8b4997c45731f86c31d3db0211237230bcf5edc1eb58e666c042ee54317018e4648033fa50c44cb26191c12db0e06ef9b18e9d7afd2a091f731e3b93c8c75a70daac55c7dd38623a8148e5565731c8eeaae76bb0c1233c1c738355aa42b11370a18107031cf34051b4140ecc01661d02e0fea31534f7735c24e5e4666b87df261000c4679e3a1e6a08cb221dbb94104633ebea3b8a5760c5947964862a0f1f748e9dba7d6a783ec82dee3cef37ce283c8d806d0d9fe2cf6c554123c630311bee0c081f370318cfa77fc29f28105c4b18951f6395de8728dee0f714d05890c6a66c44188dd8407ef7e953c0b324525cc6e23308cee271d78c0cf53cf23d2aa090a1dd9c85e94ebb919156d833486324b9570d1e4ff771ed4c762e5fe99358c165713c96ef15c47b970d900e3a375aa5249149334b134d23ca5f707dacdcf419efc75381ed51246f3ac8bb8028a5f6b1e4f7383d071c9a1ee1d66dd04cc36e36920291818fe1edd6a7d02c5b9553c859229165704a15246300e40f460464e47d0d533bc165214329c11ef8f4f4a7bc31c56e5ee19e3b8caec84c67e646eadbbdb031eb9a88cabb414672c3e5238031d80fd7ad52d89149041dd96e72723a9a611bd7ce2b0aa339185e083c1c01d71cfd3b53cbab28c0e4ff004eb4a73713224b3024a845691828551d067b0a63d46488ef12c68d2ed550f22ee272c060b9f4fc7a0cd30c6c591c80bc020ab73ebc63a1a7c2ce8e1d1883c0208dd91e8477a68111cf96df77b838c9ebf9d2b201920cdb16dc3249da01e78c6735138742cfb9d38c1232320f6ab8aa1da2cbaed31a925508da07a8039e064914c98208c1698023e639071edf89a370b313ec73aceb6f2472c6ec372232152d9195c0f7cf5e951052142087687ea1872c39071e9e957f504791fcd9afae270b128899d4990aff000ae0e70a393d7e99a82388ca06f76dfc104a63a673de8b2406be8b2dc5dd87d8e2b21752c7319c2ed2d29c26d2d939c6076e99e48e29daaac275ab89ed74e8edd12306eeca470a84af040da406ea080a4f42455786e25bd96ca18da0b19215687ed11eedd2ab31c96c75c29db803915d3adb68e96d6f766f9eeb57594279496cdb6e502ed054e30086c065c6570719e0d1b81b1e04d66c341fb1eaba3266682e8a4ba3ca3ce598900891d318441f7091d485383cd7a5e95e13bbd6f50bfd79f4cb9b0d52139bdd1b4a4454822977287863398e6dca558b70186f1906bcbb4cd1b4f58e66d062bdb1bf477b8b10d1b4e268c03fb938c1192546e6c82323820d7aef81fe2869b1dbc135fe8fa969d3e8f7802dcda5bb1b686c9d912486666c100331e3076b6dc75a7e4523d67e0479d69e187f0e4da90d561b05492c6f562d8b2da4a098c63b3290ea47b57a0d85ac767650dac59d90a045cf5c0acbf0ae9b1e9b68f1594f0cda6b047b22a4b304283712dd082df30c7f78d6d6d38eb5a20140141a00028229811b7008a89cd4b275a85b06802bce71f5a289b183c51401e5ff00b470ff008b2be22e71fba8ff00f46a57c3ee33282391debee1fda379f82be2319c7eea3ffd1ab5f1030064230bdc63b572575ef235a7b31d1ed3216c718033e9ea29d0432dccd1c30466595dc2aa01cb13d06292d6de79ddfc8865936a97758d0b150072c40e83d4f414a994556572a47dd653c8ac4a346e7c39ad41a6b6a7369d3259c4e52594edc210541ddce460ba8ce31923d6b39e2293fef02a6e40c9ce0b03d0fe3eb5d6278af5ad22d34ab18ed9edc5bd9ca479b2175baf3f7159d8639209ca8e9f22f7157adfe23df401e1fec9b16475018c84927f74a992d8efb327dc9f5aab445791c62e9d3cda44da92889a08678e07dc7e6dee1980c7d14e7d2a57d07515b78ae3ec8a8b2c6268959903b44cdb55826771527001c73f4e6b6bc53e2d1ade909a7be9169670c6418bc891804dabb40c1e0800b63eb52daf8c10ea7a7ddde691a7cb710a5bc0f78c19dd63863310654c801b6919e7e62a3a649a568dc2ece4fadc143b463f0c7b1a5485da092708e6201887c1dbc100f3f56038f5af44bef1d48b7328d03488ee2ce18e2ccd240cad0aa7cc10ede0a0652c0b01d58600159b2fc46d4e4324d2e9364ea80109ba4daadbcb6f1ce14862bcff00b02ab9577126df438c5900840fe207907d7d0d249b8ba85002e339e9f8558b912cb2ef6b69a36959701f73b3371b8e5b9249e7f1a866867431b490c88a725731900fe7ed50d14354379a4e39c127e954275669d86704b71815a0ad990f20e71db3556ee1995c48036492c14f2c57190df4f7f635ad2dccea11308b7958cbb0dbdfa93ed53f96eb64248e3671221dceca19400d8183d473c1cf7a209a48ed2683ca8cacaa39db829ee3de91046d148ed265cfdedaa0838c6de846791e9ef5adf5d4c993ecdd75236c11872c0288f191fc581938238e053a394c53ac91f94241839118ca91c01d304fa9aaef24794f2a3c055fbadd49eff5c1e9562318255a358ca01901b820ff005ff1a57be8316319c151c8e7dea7b8d2f536d3db525b39becc08fde6de31ce483f860fd4537cb447f9f2c8bd369ebf8f6079e6badb6f885358f8164f0abd9070f1b2ac80fdd04927703d4f03f9d1ea24704d2bfeea22e1822600e9b79e47ff005fbd13ed16eb1a36d00ee6f9ce0fa0c67008e40fad4526d76127381cf1d7f0a9c86d8186e65083cc62bd0ff80ce334ae510c8af033c7323465700a3755c8cff23403c13b82e0f18eb52058d2665981da9c304c64903b1e9d6a6b77023665640c0a1036b6587460187dd183cd2604678e7b7704e79e94f87cbdae1a205ce36b64fcbebc77c8e291c750b88d4e4aa824ed19e067bd490431ba8c5ca062c432be40501739240c7278a621048c2355560bb5b7865e1bd393fe7151a80015cfd3d0d3e566790bcaeee4e31bbaf4031fca98b134b3158964738cfcbcf0073c7eb496a31c370dd8271d0807a83564490cb849d58317cb4c06e6c05c01b7a75ef4c8e0fdc6ff00357cc6f951148c93c7507a0e7afe1435acd1c6eef1e024a227248cab7271d73d8d3b808638ff0076c5b7e46e6d8482bc918e78271ce7dea4f37ca9246b6430c720200fbc40faf5ce4751cd43bc82554e7dcf4a6ef7e143b633903b52116551662117ca431c6589276efc1c9ebd4d315e500005805e40078048e7f4a58d2431bbc6859171bce32067d69bb8150ac8a0677798064f4c638edde801324280bea31f5a9e2605189720f031ebd7393fe7ad450aff00a4451c80a093041232403d0e077f6ff1a7c8840043201f74a1e5c11c648ed9ed55ea048171c065e4819e807b9a48e3b86bac5b069245dcc0c44e4800e48efd33f853016236a02e79e00c9e993444af2b2c5146f24eed8400677647000ee6930b09f740ea7b706910166273820f033d299966c2b0c1c9c8cf7a916440810ac9ce49c11d71c60e3df9a4047b46c057e6c8c9e29de632c724642b0703aa824007b1ed5110463690054b106b845b68d55db716181f3138fe98cd002451bb42d308c6c56009046727dba9e94fd82deeca5cc4728f878c904838e011dc7f4aaccc0aab0007381ea7e9f5ab5e4846f2642eb3a0632466327691d071fcfa0a02c40dca0cb63e5c1c2e31c9e07a8ef5a9a9dccfae4c26b7d3842b6b6e3ce16e9f2e0705dbfc7deb39238f2a599901fbc557385e808f5e7231ed447318e2902cf3a33aec654180ca7ef2b1cf4f6a7718fbd95a4914dd34a6458142874d846061474e98039ef55b76c3f31321085412e78f4fcbd3a538bb4db1da42e70154b31380074fd29c206757395529199183385c8e3eefa9e7a52132b3c65998903728e849ddf87be295f223c70a41ce0aff005f4c54ab23330e4ab6770c9e47bfd680b182e266907c876794a0e5bb673dbad032318d98ce7b7151a88feeba3e70420538f9bb139edeb52a9c20cfcdd8fb546c49995772286ce7393c7e1ef4ee4843186918663408a58ee7c06039c7d4f4a614604b0040ecbdfeb5279cfe5f923850fbf0e075c63af5c63b7e3d69b20c7cee3231d47269ea55c937bfd92e19edde50aaaa6662c56139e3f3c1001e3ad5680a175691711ee0586d2dc679e3bf15388cfd94b9b98e24330460d21dc38fbe5072547ae38a8788e6c308e400150858804fafafbd3d4963e5dad1c4418f704230830dc1382c3fbc7dbb629162f3236956372a80166507e5cf1c9ed9e951c6f8ce7a2e01e2919c18f7296da49e39c1fc3bf3de96a807c32adbe5e269967465313a1c0439e739fd0f5f5e29626b758489237908c97232a500c8ebc8c1c83ebd875ab3ae2e919b7934b96e645110f384ab83e677c7b66ab3e11585bcccc24552195f69183d180ea723a67b0345d2dca426d2b123c88428202162df328ceec8feee7a81d2a458431008fdc6fc90ac4609efcfd3e9c8aac19f01501720f75c9e4e6a749962c2f95855386c361bebf9d3886e2dcc0d0aae42ac5236e55320200f71dbf102b604b35c899a5ba84194192608c725720aef0a30aa09cf1ec08aa56f12dc472a8b22181c811e50aeecf1dfeb83e9c715d1e97019347b947d1caac6cab3dec1063ecb9cae1db3c0638393d4fe145ee2b11681a4ff006adb5cc96d77a5c52d98331171232b801b929ddba83ec37647415e91f0bc789671a74da645a23dd6937be65b595d5b6d798104b2a4a08f3db2b90b9ddf7581e706a681e0ed67c1baf2ccb6b6f7da8d82b4cd65242abe75aba865984846d75c70ca71b437ad7a4ebede13f106ac758d274fb583c2d2e9f0a6af6b32984c1344a5d5908198a448d401229ea8339e8696c05ff03f8cb459358b0f120f0d4fa22da4ef6da8cd647ed36b2a499dacc7efc4a0b33ae57072466bd4acac74fd3bc6275ab0b9b69f44f13858e78d48785af14663957f87f7880ab7ab2a7735cce8de181631451e9d1336ab6863b88afa32152ff4e94e5f7a70b9217615c1da482319a6e83e1d8b4abbb7d3746d403e8ba8fd9ae5e209c42ec77413e01fdd96640adb78279ee40b19ebd690436d6f15bdb4490c11a858d1061540e800ec2a5c738a701dfde8032d543108f5a434afc521f7a0446e3bd40f5618715049de802b4a68a26c75a2901e61fb46f1f05bc45dbf751ffe8d4af88d80f301ce464f1ef5f6efed1fc7c12f119ea7c98fff0046ad7c47c1c1ddf2e2b9ab7c4690d8d5f0d6a969a6c3abadc25defbfb16b2492dca66357742e7e62392aa57fe044d741ff000927821a092297c1acb11544474951640bce7e6ee79201ea7009e6b895c1760a54e31d3f5a015c1c0f97d31d2b25268a68ec66f13787e7d7f51d46ef419268e5b58adeca0fddecb5db0ec276e30718046318c1e99a860d6bc36babea5753f87dde0b99a336d0a98c08610adb9324704b6c3b87385233c92795570d8c12769edefedf856cf8474d6d5fc53a669291098dddca42b1962bbcb1c05ce4632714f99b172a47449e30f0b072e9e09b3c0999c02b1e0a9278e06380c001ec2a393c55e18789a18fc1b6c8b2446312111978c90d9c1c738660413ce063b0c7670fc35b5923dc9a540159b310fb629ca33ab464912e3985666e3a32a8f5a0fc2f092dbacfa1da4716312b35e2e55965789c01e67203b5ba83eacfe82af9644b68f2cd6f558a6d4af5f4a8a6d3ed6f1b73daaba840390106d03e50b8f7ebeb4ba478866d36e2e6e6d6ced6233d9fd95a148b74332965dde6a313bc30043631d7230456bfc44f0e4be1ed56c2d27b482da4b8b63330865f3149590a360ee38c32bae33fc35ca15010eedc4771e950ee994acd1dad878f6d6d278251a3bf916f7df6bb78cdc12d6c4aaa32c6c4124322ed3bb38c29ea2b0bc4dadc7abdbe9c8b6f3c4d696b0db967753b84712c79c819c9da0f3d39eb58a0011e467af50297ab2e5883d4d2726c3950dc133b739cf00fa9aae1bcb925c6f53d0c8b2152a3a118ef91918f7ab400121cb65bd477a6fd9e548d2e1e07f2e590e19ba3003a63f239f4ad292d48a9b144957cc603040bc28e9ed9f534f0b238f2f702547ca81b93b881819ea726a592328c4c6c3e539523b1f6350be194c6b180549cc99fbd9faff9e6b668c853b4dc15d8159405704ee3b8753f4a901cf00e7d71d8d56552ac41ce3231f53e9e953db6ddc8256f93761d940276e7a81deb36ac52346474910048ca641c80723a7ffaea85e0909f32425cb1c162739c7bd69db1b51656c6249d6e96426472c369e7e5c0ea31deab6a4ab952e49273c13d69dae06486dc30393dc77ab9664a0db8eb9e0e403d39e292ce25dbb86dc9fe2a9c212e391d7193d0525e60457512a6d2240599496f971dcf07d7d78f5a646802ed58f2b9ebef5334d198ca0504e71923bfb7f9ef56b41b28f52d405b5c5dc56b16d66f3641c640c818a4052b98e68ae4a48855d4947438ce476a1d220cad0efe31bb70039ef8c76a6b2c4b36c91dfc90f8263c671d38cf14f2b179418bb96de70bb063681c1cf3ce78c53b76042abca91806250b261c6e5ceeda48ebe9d720534b37992488426f272884aae33d3e9fe02867392ae15b08101c72a07d3f9fbd214e0753da84819603a412ef468e745036ee8ce0e473f29f424f3ed4db786131bbc9290c10796157219b3d3db8cf352df436f6b7b2db5add477f6f801661195dc0804e01e411d3f3a9600b34be64d23c6995df284ced3db81d4f1903be28d8085e303869158670300f3ebf9542ea0f208fc38ab720dcc56074284763d4751d79cf1d33d7355dd7a0041cfa52018872319c81d6accdb76911a82b92ff0028276838e3775e3a73dfeb55f61f5e29e1980215cae4608cf5fafad02235dc1b72a9183c60e3f1fad48db8b6e773213c924f39ff001a468f6938c91c608079f7ab97b018651bad64b5127cd1abe73b4f4e4f247bd524041024a88d710b38084062bc119c8c7e3834e5955af626ba92428a543b21f9c22f65fc3a50b6b704c6e2066f314b201f312a09c9f6c60d31027952ee406470369ea00ce49ebd781f867d6a462cb0e67c4314881cee58e41f3053caf3df23073f5a741341141730cd6b1cad2c7b56462418b073918ef4c727cdc17793600aacec49da3a0e7a0a42cf924e06ec8c01d8f514011bfef66c208e10c7180c76afe7da9f1443ecb24cf3f96471163e62cc3191c1c8e0e73d0f4a850200e0ef66272bf36001df8a916e668e344475755570aa554fdf186ea28011a1c42b2bb1119247c9866181e9d3d3bf4cd3d9649260ab6822924cfcaa485391918cf0303a7ad4531699da6e07ce73b40037633c01d29df34ee2d837cbbb0a1d80fccf4fc4f6a631cecbfbc30148807ca9dac08f7cf6e9d0e7ad31b709f23e77560c081b811c1cf4e69c085241504f7c81525b3850d2c777f679907ee885397ddc30dc3a0c7af507142dc0ad3c86e2e1e662a5a462ec5400327ae00e050db72bbfa1f41de8091a8409f3607cd918fc3f2a7ee78a66f2da3936e54381956078c8c8cd171323db8cb6c2471938e01ed4e6923171bd61568c722373bbf3c7d68846f220332c51c8e37b313b475e4e3d39a632346a1438d9280e406c9c827afa7d3dc502198cae2811f0493c0f6a070a0679e0138a260ab2b207f3141f9580c6ee7d29a63d46951b7ae7be7daa3dae1490c71e87ad2efda7711c1ed52d8c666b98e1db2397380a846e627a019e2857e817b097cc0dc80b746e8045cc8ca415f947cbcff77a66a354d8d2a820b6d38c6087e9c67b719e6a49a59257669db736d099f60001fa01432c402e1cb311ce4721bdbd78a1124255537c4ca1fe6f96419e40e0e07bf1d7a63de9980400320edc67279e6a69a550ec1415038504e4e3d0d46b92461b1ebc75345bb15715f6b98c796176a85dab93b8fa9cf5278e2891511502925b67cc197054e4f7efdb9e94f3218e4591436e0776e1c6d208c10739cf14b6f0c9773ed322962db8b3127afaf7fc69df40f4208239194804e73c127193fe35b3a65bc4d3a99d576a9c9dc8768ee4b71d0e49fd292df4fbdb667692c1e50403bb1951ce0311e87fc2b5b4692d1a68ed9bcb121c87f317605e385f7e7f2183de8d181ed9f057c0163ae68d7ecbe617b392331b4312b25c6d24b83918cb231c0524903b62bd1a0f8737162edadc9a4a5d2ea9a908aeec5599121d3da6660597192426ccae32306ac7ecd1a74b65a7cf15c597d9d802e81e10c0ae76831ca09c8cf047180457b4a0c8c9ad52d068f2ad0fc03ae596bd753de5cdbea71e9f6e96ba535c8c07b762bbe2718390a9bd33cee0573d334cd13c070c1acebd637d662dec7569ee218a35258460c6191a36201e177a91caf20738af5bc7a52ec0482ca095e991d29d80c2f0de893e9b656505ddf497925846f6f0cef8df2c276ecde7fbc028c91d48cd69df59c7756e616f972c8db97afcac187f2ab46803de8b00dc1ce68e697a668ebf4a631a7069ac29ff005a6b74a0444c6a17e86ac3702abcbd3af7a405598f6a289f007228a00f31fda3ff00e48a788873feaa2ffd1a95f1226d014007730ed5f6e7ed203fe2c9788f1ff3c63ffd1a95f10153b87ca473d8706b9abee6901eabb5b3f28fe54e1f70b0c64f5cf414898070461b3c6391f8d202d83ce067afad6259227638f9b19ce2b7bc097ada6f8d745bfcc40dadf47365ce1720e464f61eb5cf2827072037507a735734e9acedee99afed5ae62313a840fb486230adf81e714d09ec7d1b6fe28f0edbc71c716a962e2148b6993cc623cb478c0077f3f2ccf9cf7029d178cb48bdb38ae750d434f86e672c6583e76f2b74a92f5f331c346bd3dfd6be7c375e1b1132b685723e666c8bac120eec03c1ff00673f434efb6787925f317422d1956ca3cdcae7760e7db2bdbf84fad6bed0cf90eafe38ebd1ebfe2cb59e16b578aded5e18da1180c0cef26e2371da497638f4c579e31c2ca3009c5695ecfa532b4765a63dbc84e4b34db940cf4c63d303bf4accda06eda0303cf4aca4eecb8ab203fead5700e0f63cd29460c8428dbdf27069304228638cf3d29ce3e78d42751d69143e1dcd2b0c7538aeff004cf0b5edc786f46d61e1b3be59607902ac419a1810b6c0ea08dd9c3127048c7435c0a27ef496c019ea2bd27e0f6ada95b5ccfa9d9ea13c73d9470d986f2f7436b6ee5d5e591b185c33a804e482d9c102b5a5b994ce33c750259ea52dbfd8d2395029797051e563925f61c04072005c0da00ee6b9a789c2b4c10b44a46e751f2827a64f4e79fcabd37e29eb36de20d412dafa79f56d72da430dcdfbdca054863ca8860551b1c10776f24b1278af3dd56d6d609196d2fae26888fba50021b246d600e01f6e4f35b333b1513203ed80392e02c9bb217079191c1eb835a306ab6cd757f2df6976f2c9711908221b5617f5500d67932a4221137cacdb9a21d376703f4efef4c50ccb855ce39e07e750f51962094804063c7afd69d76d1b0df2ab91b4ed208c827a7e1510908842055fbdbb701f3723a7d3da872be411bd0b10a5768dc0e79209f6a57111c2fc0f2f3b470c71c67d01e99ef479923c82241b8b7cbb71c9cfa5451871103b4842d8c7405875fcaa560d1859519b39ceee8430eb8239f4e948a1d730cd0394ba8e58e58be42ac9b4a903a11d3a5315b2402bc7bfa53ee9e795ddae27f35cb16259b702481927d4f6cd4d6290bc8a2462b1842ec18afcc4024019f5c01ef4010cb1c07cb2ae5f206ef97a37703d6ac24616cccbe5060dbd0e50951819c83ea3238edef9ad2b5b84b24be6b9d1eda44bb40230ae0f9248dd85e491c303cf22a85b484c67f7c21c2056c64075c724e3f01ef55aad40638469f7a44808418528d8276f39c9fc7d38a490ac5b4448840fbbb865b20e7e607aff00853cbc7b235f99d54ef60dc73e9f4c639eb51146663953e684dc777471dfbf1ebeb5220770cccc400598b1c70067d076ef532abba9971c28009c7033d055728c6565461f28c8dd8c71d29ef26f2088a246c93f2e707d063b014c43cc91f2b144f18e0f2d920e39e7d33934b38df199c6c450dc28e319a48a596dcb3c323a33a346e07f758608fa11d69b7060f3996de491e30708d22ec247a95c9c1f6cd03b0d4e0e392074c9c54ced13a9c19085c2a1200e3be71dea001c83907007cc476ab7f68b5363142b629e6abb19252ec3783d063b63ad0042dcf0338f5abba86a377a9c892ddcbe6345108d091c85078aa0081f789e6a512ee8563cae133b7e519c9ebcd09d8446498f254f27afad203c361b3e99e29d38dae5558483380ca300fe7442ad202146e00f2cc700707a9fc0d2192db165df188a3779542aef5e549239073c1f7e9826a291a58a5921750aea4a38201e41e7f9535cb3005998e40193cf00718a9d24842c733c56cf228117d9fcb650e307e72477cfd0e714014d94b2962a768eb8e456cf8774c7f13f892d74e8cc70cd707e773c06c7de238c0c81c0c71592866f2dbcbf33637deda09042f3938ec3f4cd3ac1a517513dbce2de50d859376cda7d49edcd006cf8cb4097c33af5ce9733894a80d13a3ff09e403c7271c76e6b1e690c59889865c2950ca3b920e41ea4fd73dea4bfb8babb9bed17578f712c8a773349bd873800fa74cd412481d536aed0a3e607d7249fe98f4a770230ca4311c9038e7a5492986431b44af1058c6e1236e0580e7181c03d8548258c06436cb9f2b667737cafddc73d78c63a73502f05599b83d28402a8cfcc5c938f5a545222321461186d9bb1c6eeb8fae29640bc14c138e99ab7ab69a74eb4b39bedb14e2e63f38ac47253d883de8114c98b631763b80f90019dc7d3dbbd46dc0273f90a995212233e715909c37c9f2a818e9dce7b8c542fb95b7763d850171aa1e46080e32ddf03f5a7216424a1c1da57900f0463f3f7a664818c0e4e3d6a446c60440acac4c58031b813d49ee73c553db40b906cc8c96190db7693cf2339fa7bd5c920b616419cc892b057854c7b84832436083f281ee0e7151431a3dd6d9e61028243311b829e7b0aaea4727fbc73d452d462950fb98f3d73f87f5ab0f6b240d99add86d3b594f62572391df1ce2a1b74f3a611ee5466e32cc1547d4d35063e532324646e41827b71c0fca8b092b91caa570064a8ea4d273950cc083cf1d6a4237459079ee3bfd29fa5a88d1ae24b679d15c21461f210ca78e390de98e3e5a76188f14804658855907ca73f5fd4e2a4b10a2f17cc59d71d1a33f320ea4e0f1f9fa55dd4b4c8e18e192d5e49d65562a3a8181924119dc07a8e2b5fc1d6fa64d25cdbdfe8d75a9b790eeb259b9596040bf34a7208c28c1c9e011c8209a13d468e974fd5ecb52f0ac7e1864b4bcbb86f44d1dfa131910907724ab8c8906dc823207d457d15e1af835e05d69c5edd4d6dab92bbe56b45ff00463bbf80367961ea3903ad7091e97e1ef167c37b66d5e3d327b9b7b8b3b59753815613681720a2a8f9b6b22e7ccc9c9273f76a9fc32f16789be16f8cb5bf09410cbe20f0e69d24d74ab6f3097fd1430fde46467901816c7be47048b5a08f691f0aae7c3f28bbf873e2dd4fc3aea726c2e5cde5849fecb46e72a3dd4e456ee89e2fd4ac6f20d23c7ba5c1a25ecec23b5be826f334fbd73d151ce0c721ff009e6f827b135a1f0e7c4763e28f08d8eab65a8c57dbd079cc8725243c9461d88c81f8679eb5adafe8fa7ebfa25de8faadbadc595dc6639633dc7620f620e083d881556ec33447a7f3eb4ab9fad7907c3ed7b58f07f8ae7f0278aae5ee6d9197fb3ef243f7a16388dc13fc04fc8c0f28f8e76b0c7b073d314d0c00e694f5ed480e0d2934c423018ffeb5340029c69a786a0621a6374a7d31f24d02237e95048062a76e950498a40559b9a296638fad1401e63fb4782df04fc47ff5c63ffd1ab5f1261881c8c82718e95f6e7ed21ff2453c4581ff002ca2e3fedaa57c485b1b4e383c71d8d73575aa3486c69e896da6dd3ceda96a26c44689e5ed883ee24e0f1dc0e0f1cf5abc347d0019447e248ca8c6d66c2ab928e7a1195c3855e7a86cf6c573df2ef18638f51c8cfd69d117390a32c01c67bf7ac93f22ac74aba2f854c51b1f13b17cc7940833860371f4e09231df19a2c34cf0cdc7373e2330cf9040118db8f39938247fcf301f9f503dab2344be834eba33cfa7c37c85080929ced6dc083c839046548f46e31d46a0f105b7f69dd5c8d12c1a19190c76e546d8c0561b738c904919ff007453ba13b8d6d2fc33e72a7f6fba40612ef36d04893780140c73f292def8c0ab4da578354853e2569edcc88b90986e4fccc46d3f7579ebcd4571e25b469a1962f0f69d0f976e63317050b6e043918ebc63f1eb515feb3a7dcda3c31e8f044595d1595d772ee903e7ee75182a0ff749e94682d44934ed011ec08d777891d45ca95c18576e7fbbf37cd919e9800d4f169be1079486f11dd80ebf7d21cec24648618ec78047de1cf18c54b078934cb79e0917c3767208e22854be55c95550e415ea3603d7ef331ea6abddebf6971617b691e87671492ef314fbb2d0ef60c71f28ce3181e83d3269dd0f523fecef0cbc10b8d72e217dd1ee59613f2e7efe303e6ebf5eb91c72e9b4ff000c0819975fb82e2321231192436338ce30e01e3f873d78ac12599586e21b39c0f4a7aa85f2ce40183529f905bcc4407ce3b988231c03c0f51f4aee7c3f3dfc1e07b9d32c0d98b7bf85a69e68c033863d633f37caa447f33104a81ef5c644479f86202f18e6bdefe1e784e193e13d96ada5c36971a99b596ef5032048e236d1bffa82483fbd3c3073f7481f4ad29ad4999c3693e12d56f6fecac6df439afad1658e581216da4c18768c2cbff2cf77273f798ed07a0cd2b1f0d97bd73f6a4d5a0b9ba097161196490840183bb602e577838cfcdd0e3923df7c1fa46a36be07177e18b882fed2649c5fe99731b096d269802cbb87cd904260b03d33c0e47cf5e22d474e8fc652c8c618ecde67f3addb7ceb0962048b2b71e6f0a381f29040f9b19ad5e86668f8bf4ab4d65755bbb7b2b5b64b2b931b5c3ba42c89b7ef18d73c6101da3382fd7a0ae3aefc31ade99a6c9a8df58b88678c08a45014aa023e6208c8e381d0e7ad5ad7b557d4b57875211dbefe19218e1c2b39ff0096853a73c0c0007caa30718aeb0eaf16b563a7df5c9bcbfb440915fd8094c6c1b773b18020ee1b4f50719e38cd25ae80795dca40d26db613b2e483e6a0ce377ca38ebc63f1cd441177a8dc0e541dd8c11c74f5e0f15bf02c6d7864b5106e7525635dc4c6ad9e18632c5700fe838cd655c468676488300a7697c13fc5824e40207b75fc6a40a570a6467919957a3fccc4976e33ce3a93cfe99a6a704866208e4f156ef2330cac635611e7e52c3ef7af3fe7ad36ed0472fcae1c607dde99c64fa923de90c023a4e48728e8721b39c114059193cec8dbbf07e61927ae71d7f1a0c32e51f6aaabaee5e412464f5f4a6a0db93cf23047d2810614cdb99482063200cfe14ac1994202180cbe3807df9fe94b28565001c10338f4a6b29ddb43893a6303009ffeb530246214a02acb228cb87e3273c63db18fc69981823207b629ea84c4f2e47eed803f37249ee077e94e2000a771dcd9dc0a9054d2014aed8e27f2ca230c86c7de20f24510ac62490c8cca029640a9f78f61edf5a6b3024659b03d7b529ea7070bdb3d69dc0420f24800ff004a71220948962594346703cc23048e1b2be9d71de9508d9866da3d7a9ce0e303f0c7b523c585dc9244c06d042e7a91e87d3a13eb4806c2267579154c817efb1e40cfafe3484fa8c7b1a58a46844a15633e6214f9937601c723d0fbd3d20924495e350c910cc8dd303381c13cf2474a0064673c138cf1923a54ff002b202aa89b54746fbc738fc7ad575ea011b987b54e19908759369c10707d783fa500308093b9016500e0075e0fd4751488cd04441571bb63a12d800824e76f46f6cf4fc696465dabb50ab28f9893f7b9e0fb7a510c8230c4468c5d0a02fcedcf71ee298176caca4d42cafb517ba8905b9dcc1cfcce589e807d7f4aa9033c3224b0931cc8fb96407a7149232b4acc90ac6ac461141c0c0e833f9fe344ef9c7eed1070a42e79c0ebcf73de90123c6646322225b8408acaf3609c8e4f38c82724f619aa63a8ce714f08af30df84cff1119c7f3f61f954c7cbb9bc440b1408ecaa4a9c229e06793f8d0042ae531838cf4f6ab6a60482de76b589930d19559cef66038761fc3c95f638a5611e9f2472232cf20661964cc6acaf8ef95901033f8d51c36e62db7279c05c0a007bc924d23492b9924724b313c934a8b2f92ce2322362232c23e33d867d69857731c9258038e3393e9534575782c8c115c4a96e8e240a1f1f3f4068115989c75fc7d4d39046436f7085572aa464b9c8e3f5268f9492cf923071cf7abd15b30b78163b269e46d9333ab72aac4858f00fe39eb9ed4d2028c118927085c8dc7018296c7be0727e82919924e888980a02824f3ebf5357f58bcb4b9bf69b4db41631955e327e46fef0c74fea2aaceee8f89584c00c29de410070bdbdb8cf6345c0adcc83201503a9ab104d11486d66b7b65fdf6e69a4dc7e53c1538fe11d78e78a65ca344a93e60fdee4eddc188c1c7cc0723f1ebda9279d6492610a243133e4451e4aa90303ae4fad340849183c62d6368192dcbb23ac60170587b648e3201ec6a2123e30c71f26c381fc24e71412a0200ae1b272f9c8cf6fa743562da332ccb1ab46809272f80071d79a3656077203b77003a9f6cd2cc499310c6f8001018e4fbfeb9a5b758c4c9e6c6f247b89655386231d8fd6afe996f0e127bcb795e0662b92e51588c746c1e8393d719142b0d33391915bcc7cb953b8a9e3f954ba7432bdda45651a4d3dc931888f1b81ec49e307af5adfbcf0d7d9af6286168b5149dbcd22c04b3089338dbbcaf27391923b66babf0a7802c2e99c5f1bcdde5b18ed6d17fd29c15e849053e5dc0b0c6480c0006aba81e7f345770cd0adcb98d7eceaf0264b86472080bd31d5891f51ce456ee990eab2eacf3e91e569f76be698a08d9a310a83b5959892390082ac4e7ee9aeab54d247d923d0ef511f598255581e3b5fdf5d44542a1e1883c16f94e1f7b7a72352fb41d33410b1e99ac45aa5f795e64b6f6ea1eda0880dc3cc90b00bd08689fe6fbc79e0d080b5a19b4d77cdd523374baad91924d5f49489604767c45fb92836c7f29720b0014f7cb66bb5f05deea326a90dd7836d60d1b478d62572d6f1a4ccb9f2d37139da5f037bafcac08fa5713e09f096b1705fc596d691de5b5a4c156cede33e64908c3b9d9d4fcaa0286201dc38e45779a6f8dacacf4d827d3fc3ebac6916776b78a34f9c97d3d8b6f63b5fe688ee572cacc533907b1aa4062e913f8d3c17e31d5bc41e1f86d27b5b758e6bcb382d3eccb7b6eee46e68972164572636c018203018393f44786be21f8575cb0b2b94d492ca4bdf96186f01859dfbaa96015f0723209ce2bc9ef35ff0ceaba8c37de18d5e75baded0dcd95fb1b79e3752ed900ffad2c5fcb201385d87f86bacf0f68f6b717f26997f6a97be1af12235cac2dd2cf524e65553d504abfbc18e8c1bd69a19ddf8cb483a8d89bcb4b5867d4ace393ece927025561f3c24f501f0307b3053daac7837551ac787edee8eff00342ec9378c36401c91d89041fae6b94b0d4357f076b90687a8c935f687312b657323179a08f7c68be6498c100c98c1e76a8393835b5a1ffc4bbc75aae9593e55ddb8d4215ec3e7dae07d198fe629a607534e1d29001467835400719a6f39a33cd193eb40c426908e294d3492474c50223938155df3e953c9d2a07eb480ab37a9fc28a59b9068a00f33fda3867e0a788fd3c98f3f4f352be240acbce79c1fc457e8dea1a6596aba65c69ba85b47736773198a6864195753d41af356fd9dbe1b336e169aaa64e76aea0d81edc8ac6ac1c9dd171763e3260c640a41231d08146c660768e470457da03f673f8707916fabff00e0c0ff0085397f671f86e3836fab73ff004fe7fc2b3f6521f323e311c2a80a719c919a304485ba647718fc2becf3fb397c3838ff0047d5f1ff005fe7fc2a51fb387c362db843ac67febfcfff00134fd9483991f1481fbb3f7b3db23a53c83b140c363fc3a9afb4c7ecddf0d7906df573ff006fe7fc29c3f66ff86bb706df573ff7106ff0a3d9486e4ba1f16ba65c03ce001c53514248ec013e831c57daa3f670f86a0e7ecdab67a7fc841bfc2947ece1f0d54102df57c1ebff001316ff000a3d9485cc8f8a5d0b445b24f3e8338a70c12bf290b9ce781c57da9ff0ce1f0d7007d9b57c0edfda2dfe1552e7f672f00b6a51c51d96ae96ad6eecd28d409db26e5da3047a6eedf5a3d94839958f8e63199beef5f419ebdabeb6f8596da6695f04bc3535e8d961aac4f1df993248cdc3485b1d7076edc0e3e6157b50fd9f3e1d41a86991c36ba9af9f7589775fb10c888cec98c7f1631f4cd755f123c2910f0d588d16e7fb2db4df2edecd437eea0572231b54f19e42e4e7827bd5c20e3a92d9cc26b761e25f175d6a3e04bc9f48f145b12b7ba6ea36a6117f12900b18f3c95c8e461864671c67e7af1ce9cfae6a32c976c21bbd3a06b7954db6d8d9e3caac20aaf1b7f88bf2e49e5715afaae99e2cf05eab672cf6eb65a868b705b4f8dee183ed0db9c0241f351b71190727af39007ad6a1aff88ecb429b5fbff877a54ba36a8a93858eec064695396439cfcc304fa60b1e37553d493e6fd3af273a15c44f2223c7b321a0291f961bf77961f300031218838f5e9561b4295af2de58ad2f974fba43b65b7cca2565e494da4ac8818e17d0374dd9ad3bcb33a96a4da4c5e19bdb1d559a46b2f2e6632c91b6e6c10148910f62b8042e47ad6d785ec1f49792c7c457faa5848ecacda65e585c08e5ce4663913ee96e32300b617938a8b08f36fec9d62d6d99d6cae1618d96491a5db1953839c7208e51c67dbb679a76caf7d35d88ca3ee058a9c10393ebdbf5e86bd9757f0c691736a979ff000ad75b7ba9e12d208b51942bc84e41fde20f98e33819ced2726bcca5596db5092c1f4b9c1498c7f6696105c0e48538e49ce724123e945ac073ba9340b3aaaacad0fcc701b807b63ea460f7c7d2aac31bcf6f2728a33955c1cb9ce300fa0ad9d7d60516f2bc9079bb5b7c46d9e364662783bbef7a861c703deb3ac2e364b15bcb1911172495639248c77f4f4efcd481500311dae0ab75f9b834e20cd3398a2c725b6a92768ebdf9c0f5ab2d05b4a5de4936b2e18b1907007047be4fd31551f6ab33052a1b903a023d07a8a007c1124acaad285667da0138e48e092780b9eb51e406c138c74e7ad29671194524c6cc1994b7048ce0e3f134c2724a920ff2a00730629cf009ef4e608ac7cb662b93b4b0f9b19ef52892e6dbfd1cef5001011d7ee87033c1e99e39a8d228c842f2e1bccdbf329c2a9fe2cf7c7a53b8081816cf4e29423bb160ad8500938e9fe1522084799ba377ca623da70037a9f5f5fe752c526c6459366c8f2db19180739ce0ede4e7b13d39a4057444f39048e42e40620138191ce3bd1c6d62a98ee3b67f0a6f19ead8ce48078a73aa6f3e5821493b067271f87b503b8b1b305f9a28c8393865f6c7d7af4f7a400850c40c8e869cd23cb28deccefb028c8e700600fc2a49111554c6777ca0b9ce467d07f2a04c8a36411488d02333ed2b212414c1e839c1cf7cd4f2244cc890a4a622a199c8cb0fef700f4ce7df18a80f73d89e98a9215df2a842abb8800938033dcd000f1490244640312aee015c6719e0103a7ae2ad787d2c5af4c9a9c7732daa46c5fc9072ac78527db350ea369f64b89104f0ce237da0c4d956c0ce47a8ed9a85b2bfeadb19e081df9cf4a007db866bd4482159b326446fd1875c1e476f71513c89b41488190392cdc91b78e31d31ef5325bc9346de55949b618c19c05cf39e49f4cfa52ac652d815c23b072c4b95664c0e3d083ce3d71400c896df744a4ccee4b79b1a800e3f8769e79ee722923b804dba49189618b2427dcdc09c9048e7fc3b5134ede7090b32be02860e49e17ae6a1842ac8a5d43283caeec647a7e340c91257848c957450c046e372aee182403d0fbfa80686b70b611ce305b7b21cc808c000818fbc0f2793c5302193790a0841b9b9e8338fea052107a723e940892ed6de3b8096d3798a514eee837103239c743c54734125bdcc90caa1648c9560083823b6452c7b9771232181049191c81fad3474c0ce471cd3b8124b15c46b0c4d0950ca24886002c1bbe7d0e38cfa1a4fb2cea262d0bc66150f206c295ce31c75e723a7a8a0b0f351d6203685381965e07279f53fce925769266964c33962738a1031362dbcca62b88e51b558e14e01c7dde7924648a6ac935bb992338ca104900e4118efed9a45036e0e31dbda868c08f72c8a7713955cee18f5ff003da908626de7786c91f2f4e4fbfeb49f37b7a60d5bba8a35254028cac30b90d9523392c0e3d38c5552a4be3760939a7701ea628aea328c650aca4e3009ee7d688c3c932ac7100cd91b49e993c7353dbe9f24b965c2c407cd21ee33dbb9ebdabab826f0a41a735ad96913ea535ba29175743cb8e59460962ab96604f0b19206325b9230243667e89a21bfbd8ac6cee6dc868c4a66e3702339524e368f95b93c05c939c807d57c2fe09b59741babcb5f1b5cdbc2cde4a432dba8f35f7ab348a0b0114458e323e66e9ec39ff08f866e264bad3058585e4ba8b32b0fece92e1e0c004ec8e35c27501771ce4700015e95e0df81d02dea3df6817da8aabbab8d50986078feec670a72300966fbc7a01c938d23a88e1aebc537de14f1118341f10693ae486dff00d3a75d287951e30047c30de0607cc38cb3124e735363c532456fa95c9d1a3bbf3e3bcb9316932b4930933e59639059400c42a000043c9e6bdb355f85de16965d33c32925e5d6a385370d0c9e545042adb8bb000ede08555dd924e4f7aedee3c33e02f0dd9adc5de9b6b142494512b3caf296ce554124bb1c9e307a9e829d99563e5ebef02cfaa7862f358b2f11477169a75cef77366b1c4ece58197e5f9843b86c2deb82572a6b77e15785b449347b50fe20bed0bc4bb656b6b6bb8d6e2de76452cf1188e0175c9f9721f839c8af46b2b0d5354b6b2b830ab586822359a27521aea15b8caac9b73b8ecc36395e01c9eb49ade85673ea7a8eb7796932e85aceb82d8db45092ed706411a5dc6c090ad950c245c67760f7c961a38cd27c47af785166d69f4c821feceb96b5d4fec48c629e2721d4bc4dc8ce5b6ba90074c9c62af6aba0695a3f8bed6efc27ac5f0b4d6ec92f5352b4daf2dbdc0272edc625475059e26c670c4726bb19340d66efc6d7a356d2bcd5d1ec85bcd3d9c654ea513a848d863a4810bfca3eeb479e840acdf0b7c3e860d73c4da143f698ad277782d1dc18dd59623e59233d195e5f9d7078cf7c5166239ed37c2d75a14a62bbb3b5d4216bfb7b7d4b496567f3565ff57751b9e57f8cabafcdcec6fba2b7fc236fe22d0def7c1d7121bbb4fb7dbcfa25d998334326d1245f31032aeaa5403d32573cf3e9fe09d36f6dedb4d87528ad23d4b49b53a75d3c04ec9a2daa63917773b4950d83c825aa4b0f0ac1158df3416896f732c816db7393e54513a9887538c6ddd9ebce334d2046a4cfa67886c2ff004977277c462ba808db2441c1c641e9ec791c5322891fc5e8cb966b3d37cb6738e7cc90103f2889fc6b4daca13a90d4146d9bca309c0fbc99c807e8738f4c9f5a7adbc71bbcaa02bbe0bb01d703033f415403f3cd0a7b353b0283d2980cc727bd200734f0314de79cd03109a463c529e6908e39a04432723e955e423156651c71559c7ad0056988da68a59876a2900f8c7b54e8a38eb514556235cd004ca001c0a7e32b428e314f514c0455f6a7a8c5380e94e0a05201817de9db053c014e0303340c8b67e54bb714fe69db38cd161116da368f4a931e9401d88cd00509ac23975286f6477636e8c228ff008519b867f52c471ec33eb50788b4eb3d4f44bbb0bf121b692325cc670e98f9832e390c08047b815aa4530af20e71ef40cf9a3c57e3ef88c9a9c979657da55d0b548e58f4992cd254b9848565977673e69dc37229ca9e80819af4fd29f49f8a9f0bacefb4f55d39a40c635f2c37d9275ca488c8301979652bc655ab9cf197c38f1b5b78ae4d43c21796173a5dc49e6476b76e124d398b077f21c838563bb81d371ce6ba1f80de0fd6fc1da4eb969ac5bc16c979aabdddac314cb2ec464507254000e474152af703c5fc79e18d57c15736577068dabc5358df1bbd3a785cdcc26653bb6a32fcca8c836947038c918e9557e307c57d0bc533c11c1a04d21116c95e627e419c9d98c1f5c839fa7afd5babc3733699710d9ac06774da827198f27bb0ee075c77c5787fc5cf8712cbae69474cbcb9bcbebc7daef705405c11f370380720050314a4ac2d8f05bad4b4ebd81dad35f974b9d6280242dbe3599d41c90abf2e413919ebcfae2b0b5186e2e6e16396eb4dbc9893be48df6b38ce429191c1c919233ef5d4f8b63d4ed2ea4b3bdd215244b972e2680165624900b01ce368e071d7d6b8fd52e2613cf6f2d8c11ee708c91db842369c151e9c8e7d79cf350ee23335d3a840a91ce91c6be5a846401be439217232320fe22b12273f68592504fcc5b6a9db93ed5a77975f69790ac11e1c63f74814291dc0c73ebc7bd54dcd1335dc2f1c1b5f28a307f43d7bf06a58171b75f2866b8db12a948cb907683d06e007f2c5546826670a4ef03e452a0b647b71d3ad430dddc24e92aaa3b2e31bd463038fc78e326ba6b3bf4d40c703bd8c486068d4cf192b183c9031d0f5c1e71907d68039a443f68052112ed3b8a9048600f438a646ad2cfe541096691b2b1a0c9fa01d7a76ad36b99b4bb9696d188f34346b2162432e71cfad6615287ae1b1f89a0046491955821c127073c1c75c13d7b54d2f92ce0c654055180c08321ee7bfff00a8531959e11fbcfddaa928a7382490085ed9e79a76c0252a658d82f1b94e549ed834818b1e5a4c724f603bfa52dcb4d24d234f21693702fe6677b1efcfa8f7c52c6e61b98dd6708ea432b7f74f63f50692f2ee6beba96e6f2669a6958bc923f524d0058d36ed74fbf33f92b32282364abd41f6e6ab472491ceb344cf13abef5653820f5e3d3151302a79627d3daa660ef1ac8c3807683b700e3dfd79a0015a478b6090058f74a41600f6c91dc9e9c7d78a718248dfcb2815b19c123a633d7e95117dd1794493827000cf271ed9f5a98c98dc7070782a140c00383edd3b500473028bf70648078147cbe5a95186030c075fafeb4f3f32b1206d2719cf24fd2a1c0041eb9ea6801ca7076824fb9a9e09628e4579932a88c0054ce5b076e7a77239edf8540a5482475a520150e327da80341351bab4595ad7529256bc5c5c6f8882d903272739392c2a801184cc88c0676ab0271c0e463d718e7b6290b0055f827d0d342290e577ed51b89db9c7d7d3eb4003c6e9b5648b68740ea0f707a1fc688a3dc486621403b7039cf6ebdb351ed29852ac1b19e78e3d707eb57749d36fb56bc4b2d3ad9ee677ce1101271ebfe7d2802a88994167023c2abf270483dc6719a7384f2c2fcc64c9dc4b707d063f3ad1d5348bdd2eed2cf5585ecd8139cae59b07ae33ebc76efd6a83c2814ed23e9e9400b3481d595489036d21ca6cd9f2e18050718cf7c738150803e5073c7071d7ad2a216491c6d2b1eddc77018c9c0e296311ef2640d800e369e738e3f0f5a0073c688310dcb323332900153b4118c8e9cfa7b546c171f28e4738cd3a38da470b1aee2dc6075a9249a4919cbba92ec1db2801040ec7191c50047e44dfba1e5102407613c0703a919ff3e99a8d82b13c71f4238a960c3a3892470557118c1607dbaf1d49ff00f5d3523f367558833bb600001273f414c4318055e33fe14f31a875d928909e59b61e3d460ff3ab8b1b5a4880da24f396dca1d8e318e060107df1d6ba7f870be1ab8f1024fe37bbbf874e897f7ef69686567017e58c28188f39ddbb1e98f5a68093e1ce87a16bdafb9f11f886e349b78d490f6b6e4c8ff360aa7181c13cfb835efba6f80fc141b4cd17c2de1ed508bc937b4fa95c850d18e09283e639241e40c853e94cb1f15fc169b0d6de0d8d7c3d6f1399ef9b45b992462bc705570a33d599b3d38e6aadbf83b4ff00103dc5ef85fe1c6a87cf27f7f7178f676f6ae7a2aaf9819caae327804b373d0568bc8ab1f4258dbc3a26947ed125a59daa01858e310c318e981dcfd4f26b96f1578cde0925b7b629a4daa2ab4ba96a18886d3d3ca56e4f7f988f65563c8e03c25f0024912193c53ac6a2764c2611c7a94aee08e8148211319ebf39f435eada67c38f045848258bc376334c0eef3ae81b9909c6325a42c738ef55ab03ceec3c6f752cafa47c3fd2a5bcb890e6e355bc89a46739fe0841dc47279959473939aeff0045f0a8ba960d53c456eb36a0b1edc4b2f9cd83c90edc2e0ff71005ec7757576b6d6f690f936b045045fdc89022fe4054c0734ec061681a1368d6da8c30de993ed570f344d226e316e180189397c6075ec00aaba6f85ec6e3c191f86f54b1cd8a3155b7f33fe59ac85a304ae3be0f1e83d2ba7c739a8a68a490ecde523fe22a7e63ec3d3eb40c8618edcdd4b3459326c589db2482149c0f723269ed696ef2a4ad12ef493cc0c06096da5727d7838e6ac222a204450aa380a3a0a3bfa5002000127d69c00a00cd2e0d3013147e14ea434084238a4edd29d8f7a4fc280108ef4d3ed4ea69001eb40c43c0a667229e79a69e280227155e41c55863cf43504bc5211565f4a29253cd14012c1ef57146141aab176ab287a0cd30275eb522e334c51fa548071d6801ea294522f039a7520154678a781c7bd0bd339a5ce280114714e238a4c1eb4bd46298c00e28c51db14521084521534a3ef53bebd68b8c888f6069bb7f4a97073d69a78a604447b552974fb697505be9577ca881630dd13049c8f73bbf9568119e714c20d20397d77c2fa2dd35c5e6a108981712957daa320602824719af927e25cd6d6fa85f442048a48e79d5a2316d678cbf98001938e5ce7ae4e48c8afb5afc1fb24c43153e5b7213711c761dcfb57c5ff16f4abbb5f11dd5ec96f1c0d3c9e59b79244f33d41655c05239e47b8a898ac7954b2c3365657511e43336cce171c100637753f95644ac8d3022501594332a02a3209c06e393dc75c66ba3d4b4d93cd9c2c170588385110454937e3041ff0077b7d68d2fc11e24d5d1dac34b690a37746c9ce724601c8e08fafd45642b1cc0705d37150b925880338cff003ae9ac346fb5de1b7835dd3a2674678a4bb90c48f1a8fef11dc03f2f5e3bd6b4bf0dbc57662def359d0ee1d6e64ded0c69fe91b8a960ac14641206768fa81dab574bd03c2fa8e9d77712594d692da42be6a3de66e4f41910b302c013fc24838c638a120386d6f45bdb190cb2c6de59c305247191d410482a7390471c8cf390324a332192421d43158cf1bb7638e0f6f53d87bd775a8e96469cf6d1c5717b63087540b0f9a607c3300bc07ea4e73c1c0f4e78d90493c8b6f147e6231dc36024bf7e3ffad4302191a1fb3f93977201dae1ce32c41c60f4e3238ebd6a2f30b162cd212cdc866249fa9ef535c2146648d9f01b2c197183d338f5fe5558800fcd91c63ad2025f34ac722172a1f1b87d0ff8d34a26d8f0ec58e770db803d39effd288bcb3b2125114b72e57247e5da893e5545cb6e3f7c3763fcff003a063e28cca0ac4ace70480bc93fe71414651b49dc3b3039047a834923b3b991f6ee24f0a00038f6a56924645592466daa154124ed03b0f41cd021202d1ca248c94287820f22972ab8e005a6a6dc92406e081cf43eb52c657273b7b302572723a01e80f73400f795d84bf2a2895b2f8418cfb7a75ed4cca08c670eed918ce154631cf7cfe98a5555721484572d93231233ede83fc4d46c15551896059724118fc3de80136b7f082c76e4e07a5389750d193c231046ecaa9ef8a559905c34a5015704148d8a8e4741ec33d3bf4a74a640e16474731a2aa952080028c0e3d060500274200c024638151c8b88c1fe17070477c1f4fad490c900de2e11d81c64a1191c82783c1e01e0d244af279ab1c3bcb2927e5cec51d4fd3140114b249338791ddce0286639e00c01f415d27c3ef159f0a6b02f05afda136e0440edf9b18dd9fa573c236322c6408cb631bce3af43f4f7a638c310ae0807008ef401d3f8f7c54fe28d556f0c0b0431aec8a3dc0951f966b9c321238f4db81eb52c36f7935a4b7291bbc76ea16470701431c63f1a8248e447f2dc6c75386523073dc5005d9ec2d1347b5bc5bc592e2562b24017063c74e7bfff005eaa0fb3ecc379a1d9c7208da13bf6ce73de8b655de44ce76ed382064938e3f5c53153ee839e48181c13edcf7a007175467f2b795f9943363e653ea3b1c62932ae7276e428e831f9fbd4b24655d924b7202a3ac7ba3e4fcf80c4838ddc633cf4c51e5b2a0ca460a9232ea30a7a1dc3a9c76cd004b636f6d324e1e778e70a3c88963dde73670573fc3c739f6ab977a4ea9a69b796e2da358a784caa229410e8a79dc53a763ce0e3eb4ba5db5cc51b1f2e327c932b2820342a0603be47cb90dc7727b56968da659eb57735c5d4f7361a7244e503446492ee44c6d863da002dea49c28e4f4e69202ae816ad0cf1457cbb64b858e655772a150306cb039e5c0c0cf639afa7b46b0b5d421b5bb9fc39e04d42e54accc6def7ccf981ca1d91027207ca0118e3a571df0c60f85fe0d583c41e2fbc796fd833c7046a2e600dd36918dd248a38e460761ce6bd0fc35a145f10355fedcf0b68c3c1ba0671fdab672f977da8af711aa1d90a762cc0b0ec055c43722d4c7897e206b23c29a5d9e97a5e9ba7dfacfaadcd9a97b77940c857185dee8d83b3bb01bb85af53d03c2b3697a5dbe9ff00f090ea92c508da044b1c00e49249dab9c93924e79269de1af0b49e1dd3adf4dd275ab84b1b742b1c12db44fc9249258004939e49393d4f35bf691dcc6a45cdca4e49e0ac21303f339ab4861636b1dadbac11b4acaa49ccb233b1cfa96e4d4e06074a70005154034f6a5229472714b8cfd2801a3d29714b8e68140098a42323a53e905031146294f4a2834084c1a38f5a5ed4d3ea4d002020f4f5c529e98a063a8e94879a0684cfb7141a0038f7aaf24776ce764d1471ff00d732cdfa9c52608979a6b53c8c0009c9f5a69f4a622260706abca78c1ab2dc0cd56940a405497da8a261d68a00b11678f7ab2a3818155a1ec6acc673f8d30275e952ad46b4e1c52024c714f5c1e0f4a8d4d386681932f4a33f35341a51834c43851de906697af434805c77a0530be0e314e073d2800c1ce69c3da933934668185348c6734b9e3a51d7b50034818ea698ca69ec2918e053023db9e335cdf893c15e1fd74ac97b65089d18b2c8a83773d7f3e3f2ae98e38a4c734ac07886bff0834ab2f145a6bab1f9d610b493dd078f7a29caed5318e4afdecb2f2a3a022ba9f869aaf83a6bdd434ed1e3161a9dd5dbdf4f653364c8cc0032c07a3c676820af4e7201af44233deb8af187c35d03c40de7a2be9d76b279a935b0c049339de17f85bfda52a7eb536b6c2297c51f0fadee8ba95ecd23b41b6d9d1639044f0b47231322be400c0b29049eab5e7be2df879a7fc44530dfc0fa578a2c659619b2122fed255c6e9030070c4727b1eb8c1c8f49b5b6f881a1da3dadd2e99e31b55e11da5fb25d95f460e0c721f7ca9f5ae67c67e289ef205fed3f873e37d3aee2c18ae6deda39b630e877c4e48c1e430e47b8241181f33ebde0cd6fc33af3586a734da6dd0c3c6f731e10c41b8625324f200dcb91c93c60d71bafe913e913dbb33428d233491c9673ef4e1bac6e0f38e0023b8c76afa53c63f11b45be82087c43a67892d2f2c1166fed13a5986478790f1caa1800a4313b87ca48e8a4d78c7c5f1657d7f6b75a5786ae74e174cd2444d99895864044888e24458c2927aee7739c566d2158e06fafe6bd9a4b8b8589e4740a582618918f9bfdef53deaac8a038391edec2aec3f63884c6e63b8966219514f4e57ef13d883ce3bd413a4515eb15491901e1651c95f7c77a9020e0723ad3b2ae5b281a5908258924f7cf7e73c7e54c6e0e02f1df14f00704e4b74e2900d2a1790473d45492a218d72ee588cba95c6d39ec7b8c63f5a6ab2ac88645dca08ca9ee33d2ae6af77677578d3595afd9a03b408b27e5e3934014c86f2c27cbb41dd9c0cf403afa7b5342b36dc903dbd2a613348ef98e1666411a95880e9d08c7f176cfd7d69150197696232792e318c75cfb0a0075bc32492398d599946f3b464803bfb54cf146024ab71be76fde1ca9eb9e473c1cf5cf4e08aec7c37a75cc286e2d23b9b1548f7319637c488090fb805e98031f77f3aea4782d1af5e79ad04d6d752059818bcb2ac71b5d07f0f27b7041aab01e76741b39ad2ce68af6579a7cb48bb1022753c7392718e31dfa7153af84b60ccc665120060b88bf7b13e0746c2e57b8fc2bd3fc35e13d3f47bafb36b51477b0c0c65b4998828c0e389179f994f461db8a63c76169a996b7d4cc56ef3bcad0c7f282324aae7a6d00e08c73c1c8c72f940f2416fa3b586c927b98e78f392a8a7731ec727a71f5e4d4ba5e9ba0c8db6f2e7562c383e4c71edc76e5b919ff00f5d7a2eb761a16b727971790b708c706261b87af4ea0d631f0b812159800adf2ac909d836e067233c6481dcd2b013c1e06f066a7024767e27d4e0bcd9931de42876a81c0e0631f43d2ae9f8391acf1b0bfbbbab6031235b2209031279dac704741f2f3ed51e93e14d4ad1a3b8b5bb791165dcbb480a17a10719c8e3d2bd57c20f7af0ac772aac7201743903da9a4079d3fc188668d174bd52fcdbbaee9dae9d632083c009b4127193ce3a63be6b90d4fc0d676facde69f0ea323793208a279d91048db79f703774f5c1afa0356bd36504858a8da384dd8cff8d789fc42d5e1bc9648a282dcdcb0c79d8cb64312307b724ffdf468760673fe21f0f586896b1a09c4de6ed13aa32c922639dd19c018e79047a550f104b05eb41f6578d648e1280c71afccb8efd7271edc73cd269d61a86ad2802654438cb3b7ddc7000cf7ae9a2f01598b71236a6b238c168b23631ef8efff00eaa903cf5b68917731450782c7763fc47152055f27cd0119cb1764c0185c7273f5e9f8d76b7165676b780c16450ae77478078c6386ee7fc6b9dfb00bd99a413a242b80778ce77e0e063af1dbb51602016da8eab764dbc373225cb7998c9763827258f7c63a9e95ecff000a34ff0014dbd858e9fe1c8ec74a9af8f913dfb8596ea48812d2724916f160311eb8c9ce4579cd9c4f7f7765a5d89bc04feed8cb22c31432282198ca323628e49c0ea7ad7d05a0681a278574558b52f12c9369b711126cecefb11de7969f711b01cc2aa0ee7f941e42839ab8a03baf02fc3df02693a643a8ea105a6a7a84f8925d4354550f2b0390eaae7e453804639c62bd1348974c9ad4ae92d6ad0231522dd4040dd4e30319e7b573de068bc333784ecf5cb4d1f4db18e7844d29f2d1bcb38e41739e47d78e9d6add94979e276326d92cf401c44a32b35f73f78ff721f403e66ef81c1d10cdeb1bab6bc85a5b5996645764de9caee538383df9e3238ab205470c71c4891451aa46802aaaa80aa074000ed52f1e95401814a29063d297a500149d28cfad1c0a0053451480d0038fd4d331403934ea000fb5069283d28013b714628cf3d6949f4a004c60537da97eb49ed4007d68c50290d0021a6b0a53f438a463cd0044dd4d57901e95624fa5412138a00a928209cd14b2904f4a2901243e873ed5693b0aad1638ab11924fa5319654f14fe314c5ce29c3ad021cbc0e95228f9734d038e94f009e94805514e191de913834a7a9a0628e94120727f0a10d2b73c5004648cd48a723a5232e40a541814085a4ed9a09a01a0620a5228f5a4c934c0074e4523018a5ef4b400c2bc5277e95230cf4e7d69b81e94086119a69152103b0a681c9cf6a008d978a6e31c8e0d4adcf4a691de8031fc43a0e99af5b08752b6f34a822390315923c8c1dac391f4e86be76f8f1e12d4bc0be1bb36d0f58bc8f474be46b742b85b4918382c193942738ca81bb3c8e2be9f35e13f193c68de26d587c3af0b42b2deced243712de5b2884151f36c2e3395192ce300053824d4c82c7c97a8e9e6dded9208645674433c92c88d11727aa95e8a411c1e475359ec8a9123ec4669864e40f94ab1e8724e3af1c139f4aef7c47e11d67ed8ba4da5b5c7eebe730c9f212085e4631b95b82b819552a5b1d6b13c6de1b8b4891d209d9a518f3a292cde0685cf26321fae3a719e73ed5835611caec91a52873bf81b48c60fd2a678258dd92685d4a388db8c6d6f43efc1a7986e9d0ddca92c8ac7991f246471c93d71c0a8a15774f9a431c658ee7e4a83d81c77f4fad2021923566da65d8769272bdc7618cfe74d04797e5855e5f3bfbfd3e94f9213fbb2d2a6194331c1fdd8cf39e3b75e291a250a0f991e719208238edf5cd004be5488db65063241601d08c8ea318f5ab163b22bb85ca3ba821b0fc6ef503b7d334cbeb99aeee3335d4b74114468f27ded8a30abed8a4b59025da32856c71f38c807d48ef8eb401ea71ccfaddfdd5ccf7ff006933c56c6da4b68888924ea15f2720e7824fe5d2b46db5ad474eb3b88a733bcbb88c4b316daa090371207e9d78279acdf8670c204d12ddd8c492318e7b2bc90234ac01ced1c617e61cf63ed5ab378565bc81c69ecf142252ab0ca586d20f2a724e793c10483db8ab4339fd4bc43a6da396d485dead28e3ca8e6f2205c8e0338f9dba1e001d2b2352f144d3e996f7cabe160aee606d3d2d77cf100a3e760dd5483d73d40f515d93783233a6cb63259e2ec62486e51321642394600648c2f50383f8d7013786f529f54486cf45bd5790fcc2453b5739f9b3d00c64e7a7346a228acd24b7097bf6554d8555a4871104c671c83d7ea0f4e6ba8f0f6bf349379374fe7444aa46c706462738c8fc3b71f9d6f5af8796c7405d21425c5d3ee96e5e300e0919c2b77503bfb5677853c391c3788f14d0b33afcd1161b9483d877e3191d79cf3d95819daf865d63bdf2f05a266c8467e39af538001662e156350fc958cf183c76e9f4ae374af0cbc302bb20dcbd5b71201cfe95b1a16ad1c7a95c6993c82dfeca1034f31091ee638d8acdd4fafd40eb5680e1fe276aef6c0aaba86756d91ef19638e9edf5af0ad4a463348cdc7cc4bbf53920631d7ae2bd6fe35cd1b5f5bb18c30473f39186e9d307afbfe15e55a540d71a9c28caec824cb044dc4b107040f7a860cbf1ea7a6da6931df25b6952ddaca516cee5e792661c7ef0952b185f4039e7bf5a821d7640844f0a5b11bb61b50400c79da431c100e46320e07069d73a14aba86c3a6ea21c9c8b63030393dba67b56dffc22d7b0f84aea4b9b2ba695a75dc021611900e03138f9b193c74a406343a95fde816ce3cf9652a89e4021998900003a83f9fe39ab513ea1a15ec5a86a5a76e224574b7b9453192a4821939c9055b2ac3d3208c564e9d3c96d796e5a791440eaeae3e528c082307ea07d3b62b7fc19a0eb3aeeb297f0f87f53d52d9a57f9600c4445892599b92bcf39c83ef4c0eefe1d69daf7892de686cad8b2ce9bee27f2808d15e5f318b6ec204079dbc6ef97230a16bb9f0de93e15d1fc517b1a6836fe2bbd0c0db347389163f942bb48d80a0e724f3b4741eb591e20b4d6e6d1eda197c43676ba6184c96ba6c243cf315ea4451f5249c6e619f56af40f0f7c37f0bdbb698ed1dcea71491efd42eeeaec4104185181b070ee4f18dc76f249ed5a2406a69d69e1c8b6cfe2ef11690ab160c5a3d9ddeeb684672a19549de7db007d6bd074ed5a6d4e00fa4d84d1c0784b8bc89a18cafaaa1c3b0fc00f7ac1f08cde0eb7f11c9a2785f49d3e231c2679ae6054c139c000f2cc7af27038e0935dc0ce79c935690c6dba3a42ab2ca66703e67da173f80e9520a0518a6028a3b5200734bd280018c504739c52939a324d00379a314a3d28e2818dc6052f5a28028017a5275a524f73f9d1ef408691cd263031d29e7a534fa5003727028069d450027bd276a53484d031bd075a63d49da98fc9a0442c3bd452f4a9daa193818a40539b3da8a59793c76a29012c556131c638aaf10e3db1566214c64ebd29e829ab4f031d3bd310f5a901c0c62a3e734efc6900f19fc2824e68539e294f5a63178ed4a4669abef4b48029734d340e68006eb4a2803de945171883ad2e290f5e28e6810119a0e28fc69180f5a0429a424d2e78a3048e9400869bef834e031da8c53018d8c718a69a79c1a6b75a008a40c012bf7b1918af0cf865e099ad3c6da9c7af68c975219cb5cea13bb197ed257cccc6724792e8e508e3ee1e7e6c57bb11ce6a3f2634964951407931bd87f16060669357038af1a781fc35ac583dc6a51cc26b55b8912e6363e642d2a80ce36e0e5428c0ec171d2be61f8bfa5deb2dad8eaba85eea16f038fb1cf1c603ed6623f7f1ed52267e3925b81ea78fa9357f10f879cdd6e9e4b2d4600e882e8bd9194a760eebb597dfe615e67e3dd5afb51b3763a035fc2f095f3ee842f05a8c7ccd1cb1e5371048cb2f7ce47432d2067cb7aac1a543af5ddb5a6d7d38ed368f3c8d21814804e718279ce78f7ac8411ac2d2181e450c3790586c386039e873d724678c0ef5e95e3996cb54d22cfc3da7f84b4ed38d9869a3bc865325c5d48c17219b3c83b80c73838ec2bceedada6626142167dd8d8720b73820f4030403cf7ac988aa3291c7232edc9554de480c0139e3a63a67d335138de301d7606c91d48cf19f5c7148e922c843825949ddbba8e79fd69770dfbc28181c839c313eb52046ca7cc25811f853d4f18c66999383c291b703b63de88895903212ac0e411d41f6a00ecfc25756b1b0beb8b886e648b779f1ddc5e6c6ca3688d97be41c83e9c577be05f15456baa0823db7303cbe5c45e4da9f3f4cb1fb8c4e7939078fad78b079edca18e49632012a5588e0f5fcea48efaf801b6f271b7851bbeee453bd811f54ebd621e26bab0924b79fa2cd1b6067df1d7a74ae335a4d58dd192eb549e76db80f322960074e40fa8f715e2b16bbac0b648e1d6b55f958e552e5d540e31800fd7353daeb9ae4a599355d4a5954aeccdd31c9271d093bb3e829f35c67a1ea33cd2cf0acb3cc15812a8ae72ac33f757a367d3a7352e8b3d9e9f7519be0914db7cc11464b703be7b0e9d781eb5e612dfdecf1c4d25ddd48107de2fd06ee327392338eb55efeeee2470d3ce646ce79f989ce72411dba6051711f458d56ff00c496d13450a58e9b6c5a24d412f82ab338da4c7d7730fba1882012c476227b7f0b5959eaf6f70e5a3c4c85b6466456d872a3f7bb8e7df3d791835f353ea17fe4889af6ebca0cac23121dbb97eeb63a64763d6af2f897c4d23aab6bdab96009ff008fd938c727f8b9a14867b2fc7c8bc8596e046eb800e73f373f5cfe75e77e16263bb0519a095d17ca9a16e3a0dc33d79e99ebd6b96bfd5f54bb2bf6bd5af6e428c2f9b72ec07e66aa4971348997b998c80f1c9c631eb4af711eb774de2169e274d56ef72850cc652a428c0007afcbc73599aa5beb770804fa9cbb5546d5662c036393ce7aff002af3ab1fed1bab88eced1ee65794e122595b2c7ae319e7bd315e55f34ef9449bb9cb919ec47b9ce29dc0dd6d38db12f71388d0313873b49f9b1d3df35d25a7897509ec641a625db430431f9c2d5dd1218d5b0cc5572a4b606e760d9ce300d79f280d8695cb976c104927f3f7ce2beb8d43c1ba0e99ad68faad8e8fa85bf8a5841247a6e9332b3247b480f333295ce108ca80063b9e69a570b1a5f027c3efe20d16e75bd51ece5324c160436d0ca8aa146036141571fc40311cd7a1c3e0a8adb5b3736577143a74bb5a6b16b38a4889030c17702515bae148c1edcd33e1b693aee9fe1eb4b2d42dedb4b8e26690dbc32798ccccc5cae7002a658f1cb1ee464d766a33d6b64b4191db5b5bdbe45bc10c2180dde5c61738e99c75c54c3af3d2900e69dde980a28a073cd211cd002f3466979a4a000d20a5ed498a0029474e68a42681803eb4bde929467a500273de9682077a4c62810520a5a4a004a294f4a4c7140c4a28a4a041da9a69dd7ad35f348089ea09793cd586e9504bc5005593ad14b2e73d28a00741db356d3ad558873e9ed56a31c8e69813ad3d698a31cd482801cbd69d48318f7a51400f5e38347563401cfbd1d1a818eedd681f5a3a8f6a00c5200a339e868fc285c5002f6a063bd264838cd02801474a33483bd07af14001ed437e34849a518c500213802941c0c6694d2714080d30f269c7839a5c03ef4c060e1734dc6738a791f4a423038a006669add29ec39ce3ad371c500514d36c23beb8bf4b4845ddcaaacf315cb3aaf4524f61e9d2bc9bf683b08b4df0d4971a5695f649eea68e033db318da791db84f2d7e57079c9233d877af5ad66f2df4fd365baba8dde05c09022ee3b49c138ee3d873f5ae5758f0cf87f5fd4748bbf2e19f4f8924b9468d8988bed011b20e33f367fe03f5a9607ceda569da85ae9fabeab79aadbd85dddde470ca27b1f9904241cab20da06f38038c8503a715e5be3f82796ffed26ee3bc0570f7315b3468cdc8624f424f5241e6bea5f16687e10f0df872de186c207d4215596478a750b1c85c6d924624ee24f017b80df5ae035ff169d73c26b61757b0da5a5a5a2c925b5b69e1195b3b764bb5b688f8e72a7b019e6a1a11f375d48ed28965dd23120be7bf7c7e2054580f2924019390b9e9f9d7a06ade15fb5f86ee75e8e18e155b9911ade2936becfbc876119db8c104738ce7af1e7c40c63359b040c6311a8d8438624b6463181c62925657287cb44f9429db9f988ea4fbd4a91ed0b2acd031451211b812a7206083d4f4e0678355c905c3363d7d29012283d437e04e7e9536a1666c6ebc96b8866f9436e85f7290467afa8efe95146a4eec2918eb834f7b670a0a8dd232eef2d464ecc67771d3a1f7a00bda4ea53e9f76350885a48d145e57945472b9c74ee7be6a9c9289e460e4c6ac4ba8180aac7f90a817a7af3c91de9c41c901bcb57f73d3b66801d3346b1b04c9663825b1f778c76e3df9e7f0a1896c6e1165f2415c0d87b7d067f4a6b8db98f68539c907ae3d314c2ca14e4b618f2280159b7619b1927900e07e948db012acc5b0783eb4881a574890725b000ef4d7e1b3d3272401d280264427fd20327c8572091cfa0c1ebef51107760121bd85382e22dccae37676b638e3d2a5b98d6194658118041c8ee3be3a52ea32353e5c9b848e18720838653d8d2293b0139cf53934e71246a7e665595791fde19e9f98a48c7ca037183f89a622ce9f0f9f776b0a6d6925995028ce72580feb5fa2fa2f866cf4ed6ee3585b8bd96f6e2148a6324a0a1083030a00c6076e83d33cd7c37f013403e22f8ade1eb242a523bc4b8941e4f971fcec7f41f98afd025039f7e6b5a68070a78a6a8a777ad4628a5a28a000519a08e3ad2500283da8a31450020241a33cd071d68cd001de96909a41d6818bde8cfbd2d2014000efd6839c7b50051c8ebcd020ed48723ad2d2119a000f4a6f39a70a4c5031339e2908f7a5e33d293f4a0041c50d4bc9eb484f1484467a557979ab0dd2a097d850054928a597bd1401247eb5650720d56833800d5b4a0095735203c734c5e94fef4c091464d2a839e684a70233400a38ed41ebc52f18a28187e146681480726900e1474e940e38a5ed480663e6a70c8a5a69ce69800eb9a43d6957ad07ae68010f3d050a30318c538f4a68393400b451de8ef4c421cfa500e474c5291ef487a8f6a000d35bfa52b7028f4a006f6c521a78ef4d7a00af776d6f751f93730453c6195c2c88186e5395383dc11915e6fe2a9b4dbfd627b1b2b18a5b7b7495de382127edb7285018c8180557cc05bfbc7209c035e89aac524d612a43179d26329196da1dbb06ff00673d47a56378274eb38f40d3a758e396744622531ed70c7e56e3b1e307a74a4c0e3ec6c74bb4f11699a11b68a5b79dae96e58c40a4a4a98c7ce38dd9461feceec719a87c67a37fa1b26b3f6196113477bac5c86f2628954810c4a4e588da9819cf2c4f5231d16b7e1f31f8cb4fd491acd2da49d15136ed9164dc5df6e383bfe766fa0ae43c59656baa6bda8dc5f4968d109a3f2a391c884ccccb12b919f9995431fa203c5203cf7578747b5b8b596f90a6ab75752dcb4ed22b7d9e170ff34aa065dc28631ab77c6724d7cebe25b0fecfd7ae6d1ada4b70642cb139cb46ac7201c752057d3fe2ed1748d4fe26695e08f0f63edf14827bcd4c80db6508dbe53fde91022aa2fdd5393c915c77ed59f0e74af0a41a16b3a34132c53192daf65964324934df7d64918f562370ec38e2b392ba067805c2c6ae42b06556f95f18cfa1c76a72b0caab408360607aa93bba13cf6eded524c8aaa9f3a3719c05f7e869b3bb4aeeeeb9666c96cfb74fa7f8566c425bb4d916fe6848e4601b774fa9ef819a507cb120d8a73c07dc72bcf247d7a7d0d49616ff006abb86dda78adc48db7cd91b08bdf24f6a68211bac6ccaff00eb3248207f31de802bf3b0851c0c5049dbf3139cf534b85c1031b474268525581e0e0fa647b5003f789672d3c92306fbcc0e5bd87350938400ae08edef53e15b3236fdb93bc22e003db9c639e78f6a62965568c3fcac46ee3d3a1a004f298c3b82f3b77050324a83c9e3a004739f5a6edce036001d69f93b426235da181655c17cfa9ef8eded51905083d49eb400f846f608f2ed419196ce17ff00d74295db854c37763d4fd451e7248a4082256da837a82318183df049ee7da988fb72c5b39ce41a00b375287690a65833ee0d20064e98e48eded50678db823d7eb53cd1b47f2c8a14e0363703d46474f6a48426c94ca85f2842e1b1b5bb7d7a1e2803e93fd86f422d77e22f134b10c4691d940c4742df3be3df0141fad7d4ebce6bcbff0065ed03fb07e0de8e248c24f7e1efa5e393e61f973ff000b5ea02ba22ac863947b538522e694f5aa017f2a5033ed4945001de979149cd2e78c50027af345276e29474e9400828c52f7a0734008472314014a28a06277eb4829dc76a46f5a005a6f24d2834668001d28f7a6e79a504e6800a3bd028f7a004c0cd21e29c290d201b4d61ef4f3d29a7d69888fb545281cd4c4d43277e2901526a28987145003e1ed8ab718aa707418e2ada6714013af038a7ad314669ebc0a603c669e381eb4c5c1ea69c0e01e7ad003c114a690018ce29474a4305c8a5039cd1c7bd068101eb40a322901e281813cd2753c74a5ea6947d2801a29681cd078c9c734001cf6148051934039eb4c42d14528c1ea714804e7349cf39a5a08c8c5301a3be694e31e94d6c834a79a006f7a0f5e696908cd31887a53714ea0fd2908ad75696f70f049342b235bb992224728c54ae47be188fc6bcefc71a769fa2e9d7da6d9c76c82facd85a472f2629031f31909e84467e51dc8c77af4b3d2bcc3e2ff92dac69d772dbcd3c5a485ba9b61e230cf8de4ff0e319dded498181f0cb41b4d266d02574bbbbd4b51dd737d72a306dd82af90d8ed1157d98c1c9724f39a67ed5d77677bf0faf7c3f1a79fa826cbd08837344b19c9240e9c673e83dc8ae95ed93c41aa9bfb0bcbad2b46d36264bdbcb71e5bea2a3ef2a95fb80797c91f372060034cd13c2293780b5dbbb8b18ecf54f1059dc3b285f9ade2743e54393ce40da5b3d58926a6da580f84861461d7d0fdef7e951bed2e368c03efd2a48c058dd6466120c05017827be7d29842f6c6475ac04391598b9542c1465b19f97b7f5a4c63ae0f19c7f8d3a68a588b79830431561ce548cf07dfbd30aa95c8383dfde801bb4ab18d94839e84628607054753520677dcf24859863059b24f6c0cd3ed2e5ecaf21ba4446689c380cb9048f6a00a99c31001fc6a462242ce51515c9e14600f6156753ba6d42fe5bb923862699b8553b554fae31d2aa2609c773e87ad00393c90e7ce0e460e02004838e3af6f5a4dc51d5d180652197233cd39554c4ecdbbccc8031d31dc9fd298a5e26754761bd4ab719cae41c7e82801157cd7018aa973c9270067f90a9255525a41b9a30c550b0009c7b0f6c53d56e67f2fcb8cb6e222511a8009038180393efdea228194a91ed9e9cd005cbe4d323d3ec8d8cb33dcb29374ac30aad9e0018a7e87a5cfabeb363a5419f3af678e08f8eeec17fad568210080a0827a64f5fa57ad7ecb7e1c935ef8b1a6dcecff47d241bf9b7678da36a7e25987e555157607daba65a4561a7db58c2aa23b685214007002a851fcaad0a403006681d735d03245c8a539eb40a2800a06692973ce28001462814500005141a4ebc5001d4e68e681c504e2800ed4b49da80680169050681d33400845291c500e68f7a004c66968e3d6909c0a0606938a3ad18a04145068a004348738a534d6a4031b150c9d0d4a79151bf43401526eb4524c0f345003a2e8315690f033cd548ba55a43d0d005843c75a783dabcd3e3cf88bc45e12f07cde27d0b54b3b75b442af69716eafe7b310159589c82b9cedc73ed55efef7c77a578021f155bf89edb58996c52ea5b7974f448dcba8202ece76827d738a5703d5853ab9cf873e234f17f82749f1225b9b6fb7db895a2dd9d8d921973dc020d7423de9a770255e3ad2ee14d5e4521e0d318fc8a0b60e2b96f1cf88a6d24d9699a6c51cbaaea4e52dc4870880100b1f5e48007727d01ae7e5f0a7c45b2437ba4fc4796eae802e2c750d3e37b491b39d81970eabd81c922a6e23d2722954e6b95f869e2d83c63e1a4d4c5b1b4bb8dda1bbb52d9304c84abae7be083f9575238a7701c4f7a4079c8e9499a46603a500292052822bcdfe376bbe39f0b78766f11785d749bab3b340d776f736ced285cf322b060368e32319c64e6b4bc2baf6a9acfc2c835d9750d3ecb519acccf25c3c04c16ec396dc9bb38519cf3ef45c0ed58d266b92f87375e2ad474d3aa788e6b4586e807b3b74b5f2e548fb3487711961ced0060119e735d5b0a100fce47148464522e7db14add38a600bc0a5c8eb519240af3ed23c67abcff14aeb44d42d12d747937dbe9d2100fda248fef3ab77e43aed3d0a8c75a4dd80f46cd3714d0d4e0734c040c376def41e4e2946283c1fad0030e697ae6b90f8afa86b5a2f8746b3a4ea696696b2a1b94368b319519b0402c7e53ef5b3e123a83e816b3ea97e2f6e2e22498bac0b1850ca18280bd40cf5ef4ae06a374c66b93f13e936f7cfe20b59e431ff0069e8e230d8270b1ef0dffa1a9c575bc54724513ca923202f1e7612395c8c1c50d01cfc5a54175e0db5d3b4f6105b4f142cc7bb4676b38cf72c3233ef5b72a071b4818638c0f7a97015700000740298d9e28b580fcdbf125a269faf6a368327c9bb9634207040760783e98c7e759ccc5d150e36a640c01c64e6bb8f8b5636d1fc46f127972233a6a7703ca7ce3e673d3d3939fc3deb84789a325482180c10c306b0621d34a64665016242dbbcb4c850718c819fd7de9aa57cc572a1c2904a9e87d8e3d69d2848dc2aca92fca082010338e9cfa74a6c659376d23057690ca1b8c8e9e87dea406bb2165509b1f9c9dc4ee24f1d7a7a53a78a54c83c6d6d8dc8233e991d69625472fbdc280a5bd4fd074cf38fc2a3753138f936be030c8e31401358c56f248e2eee4dbc7e593bc26ecb7618f73511db9015b39504e46369ee3df1448c04a5df9538257a7d7a74a8e24ddb89911760dde99f61efcff3a009ace39a694882332b282e547f757924fb7ad30e646dc36ee73c761c9edec2ac433205921b8496459a6469195b04aae723a75e7afb53728d1f93116113e0957207cc3a918e0500218d7cc5b8574629b5590c58ce179e9c119e3d4f5a70842ed5e00da0b139c8e3f43daa6822442b86c1c852371c0f7fc2af2c2e913347244bb40661b73ec07a8fff005d3b01592da5d8bf23eedbf758018e73c8ee315f5a7ec7be13bad23c237fe21bf40b36af32adb8db8ff478f383f42c588fa0af07f855e12d4bc71e2a874ab7b6c4264f36ee75401208b7618e7b1c0f941e493f8d7dcda6595be9f616f6369188edede358a24cfdd551803f215a417502c8a5c7ad20aadaca5fc9a4ddc7a55cc36d7ed130b69a68cc91c7263e5665046e00f6ad465ccd21e4e4578f782bc57e2fd7bc73adf87a6d76d6d8e8452d666fb123adddc1cee7078d8831c2f27d6b5fe1ef8dbc437bf1075af04f892dac649f4fdcf05ed9a3224aa021c32127070e39152a5703d2d734a79c9ef48297ad500809cf34b4556d4e1bbb8d3e782c6f4595cc88562b8f284be5b766d8786fa1a00b19ed46715e61f06fc47e24f146a1ab5c5f6b897361a54ff60923fecf48ccf70141791594fcaaa4ed0bce7924d7a6e73cfad24ee03e9a7934a292980b91d28cd21ac6f19f882dfc33e19bdd6ae50cab6f1feee25fbd2c84e1107bb3103f3a4f419b04d2f35e5975e10f1feb1141ab5c7c41d4f4dd426024fb0d9a2a5b5ba900ecc75623a126b43e1ef8bb596f13df782bc5b120d56d54cb67791a6d8efa118ddd38122ee5c81d410477a5711e884f146401cd34519aa01c7a71499f6a3b5739f117c5763e0af08def882fa3795610121813ef4f331c2463dc9efd864d27a6a33a2c8f4341ebc579843e09f1b6bd045ad7887c7ba8e95abe3ceb7b3d25112d2cd88e11830266c7425baf3815a1f0c3c4be23bad5753f0c78c23b63aa587cd05dc0be5addc4301894c9d8e0b2e71c10c08a5703becd14647a52134c029ac702949ae07e389d76dbc03a86b1a06bf7ba4dde99135d016e8ac27c63e460c0f1f4a4dd95c4774581c8e2a193eed793781ecbc7fadf802cbc472f8faed6f6fe01711c335940f0a291c03855209c67838e40f7addf84be2bd4f5cb5d4747f10c31c1af6932aa5d2c6308f1be7cb71c9ebb5811d88a2fd067672f5079a2965e9ef45310c87a55b8ba0aad10c11561477e68b81e77fb4c698353f83fabc62548e489a2910bf427cc518fc735ce6b7716ba4e9fe14b3d67c53ae0f086a363140e6358e158a550a1559957722907a67f849078aeff00e27781478f3475d22ebc41aa69b60dff001f16f68232b71c8237ee527823b11ef5069ff0cb495f87f71e0ad6351d475bd3e650aaf765049085184d9b400bb719079a96b50ea763a1e9da7e91a4dae99a55b456d636b108a08a2fba8a07007afd7bd5ecd731e00f0949e13d3cd8b789359d6a15558edc6a12237d9e351c2aed033f5393dba57503af534c6381e29073da95067d69db4e0d303ccfc6b0b9f8d3e0c927216dbcb95a22470d32ee1b73f4901c7b57a4865500b3050bc927a0159fafe8965ae588b4bd46f91c4914a876c90c83a3a1ec4572b7fe01d735584da6b1f10f5b9ec886468edade1b791d0f5569141278e32306908c0fd9ba091ac3c4baaa61acf50d6ee27b6607e565323608fc307f1af5e159fe1dd174cf0f68b6ba3e91691da58dac6121893a28fea4f527bd68d0021e41a8d80152fb530839a686886e228ae219209a24962914a3a38c865230411dc115e40fa6c90fc44b6f8796f736e3409608efaeedc93e61860da224f4c39da8dea211ea6bd8dc128c1480c4100e33835e7a9f0c99b5f3e24bcf156a73ebad1183edab1471958fb2aaaf0a0678fd7343067a081914e61d2a3b78cc36b1c2d2c929440a5e43967206327dcf5a7934c070231e94d27e5f7a43c714b8340183e38d724d07c3971796b035d5fc9882c2dd7ef4d70ff2c6a3f1e4f600135e3fe30d2be2559f82b47ba9b43b196fbc36cb76d756b7d9926553ba4f931c9246719ea0f5af59d7fc26358d621d4a5d7b5ab63063c986da5448e320e4b0ca13938c139e9c743573c59a3cdacf87aeb4b8752bdd3e4962282e2d9c2b8c8c770460f7a96ae22de83a9daeb3a2d9ead64e1edef6049e123fbac011fcf1f855e5ebf5ae0be0e7816fbc09a2be9b77e23bfd5221f2c16f211e4dba673841d4139e79c577c3ebce29a017be69187bd2e78a69e4f5a60737f13638a6f056a10cec16391555b3e85aaff8627824f0ee97e5ca8e1aca02b83c91e5ae38ac0f8a9e09bff1b58db58c1e2bd4745b45915ae61b6442270ac194e48dcac080460e3d41acbff8543a494b51ff00094f8b964b587c881d35209b17d804c54eb703beb1beb3be495ecae63b85866682468db21645e1973ea0f06ac1ac8f077876c3c29e1ab3d034c32b5b5aa90af2b6e91cb3166663dd8924935aec2aba00d34c7e781dea43593e28d5a0d0bc3f7facdcff00aab2b77988eec547007b9381f8d007c2df14ef126f89fe279d17747fdad38183d70f8ae6ded27be8c810a8918025cbfdd007f9eb536ab7925e5e5c5cdf663bb9a4791b239dc49627df9359eb2c96c223bdd5931bb6fcb9cf7ce39cd7388ad796735a9fdf20e9f2b0390d51a4ce8a836a346b279986407278e0f72381c74ad9796def3779fe62640607ef9278e39e9c115957d6cabcc2e4af70dd7af4fc29302a92f236e2a55724f03007f853591870bd3fa52a96195e547a74cd2c8e381b55401d7bb7bff4a4034152e04818af7c1c134d3957eb8e334f8951a54123948cb00cd8c903b9c77a7a98d2570a16618654272307a06ebfa500399622b1794586461d5bf85877fa1edf4a708f00e58027d06718a6c3fba19003103fba4f5a994ef40bb8b11c119e8d4c09a349503bae14a7cbb48193cfff00a857b97c32f805e2bd76286fbc43729a069f29127961775d4aa7fd9e89f56e7dabb2fd92be1fe8a7c2c9e34d4acd2ef519ae248ed7ce1b96dd10e32a0f1b89cfcdd8015f4381ce7ad6b1877198be09f0ae8de10d0e2d1f43b5105ba72cc4ee9257eeeedd598fafe55b9834a053ba75ab0100c518cd3860f3505fdbb5d58cf6cb733dab4a8544d010248c91f794904023b714c0f03f04784efb59f8c3e37d574fd7f50f0ec91ca814c36a8ff680e5f74a3cc047de4c6e03b115bdf0af4d9bc23f1675fd0b59b8b9d6353d5215bd8b5a99c6f99703744c83842028231c10bed57adbe0fdeda6ab6f7567e3dd6912d9364523c68d704190c9b5e4180ebb998f23bd75de19f05d868bad5d6b525edf6a7a9dce77dcddba92808030a140006001df038f5a8480ea3140a5a4c558013ce2818dea7dc1a4c77aabac59cb7fa65c59c17f716124c8516e6dc29922cf75dc08cfd477a4c0e0be04416f69e1fd5c47221371acdd4e40fe1dce703f202bbf37b6897e9a7b5cc62ee48cca90eef9ca0e0b63d2bcff0044f837e1fd1a231d86bbe298433995f6ea580f21eae46dc67e95d1f837c13a47859e7974f96fae269d76c935e5c19a5619cf2c793dbe9da92b81d2d1c7514b8a4c55005791fed52baac3f0dedf57d355d974ad520bcb955ef1aee5dc7d81607f5af5ca8ee6186e6de4b7b88925865529223ae55948c1041ea0d26ae80a5a0dcdadf685a7de58303693db472424ff007594107eb835c258cb15f7c6f92d6092299b4b85e5982b64c25a20873e85b720c1fee356dd9f819b4db74d3b45f14eb9a568f182b1d8406265894ff0c723a1745e7819e3b56bf84fc2fa1f85ac5ed345b210095ccb3caec5e5b890f5791dbe6763ea696e06cd29e9498a5c0a60273dabc6bf6aa2f1f87fc2d793a16d26d7c4304ba89eca9d149f6c935ecd8aa5ae695a7eb5a4dce93aada47776575198e7864195753d8d26ae80b2aeb200f110e8ff0032b29c820f208fc2bcb74495b59f8dd757d62ce174d69e2b9c21d9e4f94b18f9ba12d2ae40f4426a54f8426d6744d3fc79e2cb5b0487c88ed3ed859638ff00baad90703a0ee077aed7c1fe19d23c29a3a697a440638872ccc72d21f563de8d581b20518e69451c5301a6b88f8e92b5bfc1ff00164c99dcba64b823b71d6bb83cd61f8afc3967e2286182fee2f12de3937b430cbb639ba102452086008ce0f14a4aeac060fc2db8b6b5f871e1db359223e46976e1b0e3033183d7b77acef87c86f3c6be2dd7a358cdaddcf1450c8ab8dc2340b8f7fbb9ff008155d87e15f83e0964912d6fcf9adb9d0ea1288cfb6c560a07b6302baab1b1b5b0b38ecec6de3b7b78c61238d70aa28d6e024c41a2894019ebe98a29d805878038ab51f355a11d3156e218a00994f14f5eb8c5317af5a9140a007253b02900f6a78008fc6800507d29c339a0671d2908a062f03a529a6afeb4e34c41cfad0b40f5a5148039cf6a439cfb53a8148635452639a70c52119634c04619a6edf5a7034b4c0681f952e4f6e94b8a06075e47a5021839eb487a9e294f514673d450018e79eb463bd28c13c0c52138fca8005cf7a0e32297229a57d28015bb0a43d339a093807bd2363d680129189c526ef7a8ee678a185e69e448e28d4b3bbb05551dc927802801ccddcd7cd9fb527c454b977f04693233430386d525439cb8e5611eb8c82def81eb5abf16fe3adb4505c691e09984d29521f530b954ec7ca07a9ff68f03b66be69bbbb9a4b877924689e661966c93927e6c93dfd49f53594a5d108591cac859f6112617e753b5baf3f41c567dd5b21b76ba815b200de33c107b81e9daac2949a43b33b0aede010b8231f9715345b16348e0764da877171904374047d39cfb8a8032a3558df715de32376491b4fa9ebebf854fccd0ef9200cc72032b8c63a85233fd2a396278640d1348b9e1491c0cf5cff87bd2db5d0b6c9dce6323e6da3963f5fea3b5004570b0c3bcc81d648f3b00518ddc73c71818aa7731976de8bb5491c672492326addccb2ce82308a22059b9181c77cff5a86f124f2e227273d14ae31d0fe3d7f95202010485448570bd338a715457c47dc75272703afe35d5782f4c4d5ed6785963478cf1bbb06f973f4e95cd3c124774f14919f354b0f98ff10ea0fb7b5003002371d818e7860dcfe556adddbcc4d91ab0e0ee65c631ed55e469771df3ab8c8e01ce2a4b4de2552090aaf9e47e068b01f6ff00ecbe777c19d23e604acb700e3d7cd635ea0bd2bc7bf64aba8ae7e1308e30c0c1a8dc2b6eebced61fa1af615cd6f1d863c0f7a075e68140eb54029f51c50334741d2947068013f9d29eb4ac075cd00d0034d1476a43400514014b8ef400678a414a7a520a00290e3b529140a4310500e6973838a4a6007824d140e7b52e28010e68ea68a5e94084e690f6cd3ba530f5e940c3af5a29474cd1f8502034868fc292818bd7b8a8db95e69f487a520233d2a193eefbd4edd2a0939078a108ab2e48a2964a2818e878c55b4c7e35522f7ab499e29889d07ad3d7a54699a905202404f6a781db1f5a8867352a118a0051c71413ce0d1f85047340074a43926979a077a63019029c2928a4216839cf4a5a427148637a52e68383cfbd264d3000302973480e450ddc0a62149e6918f141c7148e78e2800c8c633d28278c8a693cf3416e314009939a712299466801e48c5358f3c52134d270783400ecd35985359abc97e2ff00c5b87c391cba5f870437baa8077cc7e78adf9c11c7de7f6e83bfa50e4901d978f7c79e1ff065a87d56ec1b9914986d23c19a5f703b0ff68f15f2ff00c46f891e23f1a1912f6616da707cc56309c20f4dc7ab9faf1ec2b8bbfbbd4b53d5a7d4f54b9927bb958991e4059dc9ea493e98e82a08d91c6f3214c292a5bf8bd00ff1ac6536c4549dcc50c90aca38f9810a776d27a03dfd2abea23744bce36e19571c8e7183fe1ed56260ad1c570190143b5dc1e704f20fe3daa2994045859f6ab72bc64127ab67bfb0a902a292d2a024f96c40c31f94fa9fa71529f32356652acee77f246133c67d33d3e95232adb90f205654e111b380c79c13edc1a91e58e7d9018c333ae428e3273d5876f5c7e74015afc3b3f956c7726ddecae465f8c9249eded59e53ca91ad195e41228f2be6fe23d093fceae488236c82ef24409076f0d81f30c7a638fc292fed51e14ba0ff003ed07691ce7a63ebc52028049a18e58dcec01c138eac7a63dc54c2f04880ba03b3ab2a904f18c13db8f4aa2d1caf29797796ce3e66e3e87de842de747c2be0f20f03dff0e3145c0eb7c052b0d51e2398c4b09dbd88207e9c8acff1c44916b523a070650acd91c16c7273d893cfe34df0adca5b6b96eec02206c7c8724ff4cf7ae87e20e9f07d9e2d5429645910155079ca7ebc8a60707121b8738da8e149e78c81dea4b5c96c92ce08e406ce39e78a8a6759243dbd081fca8466dc76b1c03c923d3fc8a480faff00f633b966f046b560f18536fa907539e583c6bcfe6b5eee381d6be4ff00d8c7c41e4f8cb57d06798e2fecc5c461bbc91373f8ed63f957d60b5bc7618f0c29dda98b4e07ad500f500739e693383499f6a4ebde801c69314bcd266800a3bf148452d0028fad21a4a5a003b536807ad18ef400b9028e29082451f4a005ef40e28a0d0014034873ef4a07e740c39a39a2839a00439a0d1f8e682322810a7a53734bce292818941a067d683d28010f4a6139ef4f3d290814011b0350c99ed533e79c540e4ede7ae69015e5e4d144b4502248f915650f22ab447bf4ab29d7f0a009d48a70a621f4a7e41a007ad3f200e053178a5a6324dded49904d01863be69690051ef40e3bd2d002d22d14647e5400bde86340345201a38ed499c9a70c52122a804c714a4e0669a4f1464631da810aff005a61c814ac467ad34b1340076a3b53491eb8a4ce78009fa0a005c8a09ed55af6eedece1335dcf1dbc4382f2b851f99ae3bc51f14fc17a069e2f65d5a3be53bb096244cdf28c9ce0f1f5349b480ee19ab23c51e23d17c35a63ea5aeea56d616abc6f95f1b8f60a3ab1f615e1de29f8ff7b705a2f0d699159aa83996f57cc94e319da8085fa7249e38e6bc7bc4fabebbe2cbf375abebd3decc9bd14b00bf20ceedab8c20da4657bf3dea5cd05cf46f1cfc75baf1135c69da339d2b4fc1dccc4acf226edb92c3ee83c1c2fa8e4d70199242d26d01b238ecdc5724349b72bfbbb9d9b94191d864638c071d87ca40c67ad68e917e96f6f059dd5c188a2b3899cee5704e464fd3bf4359dc45ed56209326e7c8652000796603b9f5e99ac8789800570e0020b7f749c8fcb9ad5ba9229e28e78a75955895464e46ee09ff003ee3d6a85ffee092fb8211d73d39fe7498157cb125bbc6a62dee0e463ae0f03f4ace92e15638e48d9635dc76861c2be3a67a81d7f4356d6ed46e8e58d4396ea17af3d3eb4dd52d832215849525770c0cab03c1fe9400d4b782e554c72ce64518788b746fef73db18aa4d23180a881b3e6302e1b20f527e99ee7da9b2fda34dbbc2c9bf23190701f9cd561777123c891c6238d89ca063c81cf27ae7af3e9f5a00d1863408de64c78f92319c191b9c807b8e4734e741e57da255091a901948c1cff7860ff2ed59504adbfce936b29528a8d9daa3eb9ab7a86e9635de5c6d386087e51c70413ebfd69202bddcaaf1191642524908f2cf1cf6fae71cfa66a9925b0a633bd4e4051c8c52ed4120072707193db8ed51e55643b8657a0e71f8d005ad2a6035085f1c971c938039eb5e8fa9c72cfe19bdb724b47e487400f2a4727dcf435e65030170bbf039014e3a73dbf0af5ed2ed03d989b2c72855f0700eec67ff00ad4203c759b705c26108e7069df37f0f7c9fff005d2ea56ed05fcb0363746c558e7dfaff002a660940b8ebc6077f6a4c0dff0003f88751f0c7896c7c45a6328bab39564547fbae3a3213ee323f1afbd7e1e78cb44f1b78761d6745b85756004f016fde5bbe39471d8fbf42306bf3c6d1b7028d818f51fa56c78635fd6fc37a88d4741d46ef4dbb047ef20908dc33d187461ec6b48cac173f4714f3d69e0fad7cb1e04fda4759b653178af4c8f55843605cda8104831dc83f2b0fc8d7d13e09f14697e2ef0edbeb7a4c8e609860a3e03c4c3aa301d08ff0ad149319bd42d30127da9ea462a8071228269bd697b74a005ed499e718a3b51d2800eb4679a33ed477a0038141e94679a427140003477a55e949400678c528a43401e940c53c73499a074a502900a2909a06690d3013e94bd4628ed40a004c628a322978fa5002521e94123b519a004a6934a4e38eb48c7818e6810d7e99aaf3631533138a85fa75a4055933da8a74a463a5145c09211ffd6ab2847af355a13df156147228193a53d7a53133c53c0c9a043d7e94b9a45f4a08e7af1400fdc3a63f2a01c9a681da9c062818e1ef4bc52024f6a08c648a00439ed42726957a500e0d003877a4347f4a518cd021849069a4e69efd38a69a631bf9521e94a78a8e7916285e573808a59be8066900e39c718a8d9b1c9aa3a2482eeddf510ce56e9cb461b8db18e1463b7033f8d79cfed07e27b8b0d157c3da5dcac3797ca5ae1c361a383a1c7a163c678e01a4de822afc52f8bc9a599f47f09dbb6a5a90424dcaa830a7383b32409187d71f5af07bdf196bfa85fc977acebf7f7d9650f1457cc13257e42114a9fef060300638ed55842d7aaa92fda258e1da1d220518c4b901a300f1d4723b8cd672d8c5657115d410da3c329c88256c91bbe507fd9c37049c03ed59c9b623435fd5ee67b3b6fb4ea12ea520c0899ee65916352701f1c8054f1f81cd54ba315caa335cfd9e22464796c555d41c8e3240618c7a376e7357b47b0dc92fee151608dd7316064ee39ce49e7a1eff00971493c16b6f00921b2590cf10de118bed5206338f7ce4527a8193241237d96e619e189b7fef5464989dbe703d0018007d3934c6336d8677b879635977c6d1cbe50607df1804ff007b1c8e073576d6d2de3b77b6bf9e4801dc5e3766cf538249e768561ef9e39a74b2fdae56fb4798f6fbd630121daea470a4e3054919c678239a2c0654ac90cf289aea0675b7dacce82452c79e00192471b49c1fbd593244f2cad0dbf9d1323820b744cf1f39eddfa74e95b123bdbde5c225ab48a15d4c6a5415e7a92338ed93ef54b50bbb65082dacbed6ef16e95a58da2f208e7231c1ebd7bfa5201ba6492c52359c8c54b4a77449174210fcc0e703b7a678f6a9f528649e1591595d18f55e32719c75e0f39e6aa3a196749a7748e3575133e4aed627af523b0c1f6f6ab12c7259c8cf1aaac92152518fce324edc81cf5c9fc68032ae731b0f33246fce08e41ebd3dc54b35c33db84915c8743b067071dc1fceb4351b68e748cdc1f2ee0c0ad21e42e738191dbb1cd64aeff39632332b7dc566ec7b7a7f934019e660250b2ee70386193c8238fa75fd6a35c347b118798060e17dce067a75ee6ae5fc4c971b5a170e5307246073c555121491d55412ea705460e09e94011a5bb34049f2c1560d97048c13d7f955e8a532da957c80c401c74c71b88f4aa72c93c91318e30a0e07ca07403de9b0b32b655fcb242f1cf34011cb01466523057ef16efeded4c2cc02f018f73e9deaedc33dc5934f3bf9aedd4f5c77c9f7eb542624e5234d983c027ae3b9a40220208c9e3d8fe95e87a0f8d6c12da482e22b941b1554aa0604f42481fe7ad79f323260151c671e9ffd7a96ddcc449608001d586684068f88a6b1b9d41ee223b779cb0742ac71dc03d7d2a08ec666b712ac6c46fc82ac3d7a91d78ef4eb12b7f7fb5b08d83b880318e87ad7a0d8e8d6d168f74d3c48f0ba854778fe766246e65c7ddf97f88e7afbd30b1e64636866910c64151fdecfe20fa535fcc91700611863ef7e3fe7deb735afb3cd26e1188d64c17455c15ebdab18a84c21046d5da73c827d7ebd68065fb6783cc67185c2e465bd3b7d6bd7bf677f89d0783759bd835d799345ba84191d23de629578572076c654e07a75af111332923680507391dc77a96d7ccf337bee707e55c9fba684ec07dfbe0ef89de06f15dd25a689e22b59aedf3b6da4dd14ac7d95c0cfe19aec830fa1afcd24f3219d0db4a55a3f9d18363183d73d8feb5ee5f0cff684d7bc3e96da6f89a2fedcd3906c3720edbc41db249daf8f7c1c7735a29f70b9f5e03ef4ece2b96f0478e7c31e32b5171e1fd562b960a19e1605254c8ee879fc4647bd74c181ef5a0c7839a5c9ef4c078a5cf3400f18a4ef494a2800a4a5a013f4a0007b1348062968c5030a327b514002800a323a64d2e29b400bc8a4e7269451405c4ed40e3ad2d1d68012928ef49de800a297a52500276e69a714e39a6b74a4046c6a194d4cdd2a094714845698f345473d14c0b708c7a8a9959b2067f4a863ce2a78fa8c914c0b0bf953d79a62d48b400abee29e31e94d1d7938a7639f5f5a003be693715ef9a5181839a69524e690c9549239a07526917d33da9dc5310d66e6941dd4d2a339e69ca7da900bcf4cd35cb0c10453b9ce69b20cff005a063092c7b6287eb4bd149a69a62109c551bbbcb21789a5cd2a19ee627758bf89a3180c71e99603ea6ae9f7eb5e35f19bc5975e1af1e58c91da3de036113c30a70d248b74ac54376caa9ebc64526c6755e0fd6b4cd0206f086ada925bdfe9cce10dd385f3a0dc592453c02369e7be41af9e7e227892df5bf1dea5a9ea11cd75a7c9398ed52395536aa0c2ed3d72472318fbd93573e32789b4cd6e45ba3ac1bfbc8e1f3ae311b5bc36a9d163894aee7752c0925bae6b8ababb8ee2d6337ef1481545b999e4c159114397dc99c86c8c7ae38ef59dfa125dd4a786eec22d4e00a1420cb05559010bcab6324f7cf073d71cd67dd5e47668804773f6889956457fdea01d36e47623b76ce2a958ead6715c2fdaaeb16b26f698c5192e5a361b180e8c48caf000e39f536ae352bfbdd5167b6d2a40b231c031462408d9e368e38ebec054b026b8d66183419a2d2658d0a3ac264c1f31095625d94818248381d08c66a7d36ea2d52c34b92cefc8992dc2ca77e0391c15e9cb8183d7233ef597e29b4d66cade3b96d36d951f2cd3c2db995812376dc7036e4673f8d43a0eb124da0c765e542b140856498425be52c7964000eea0fae41a2e06ac3a3cef681ef269a5747f27742436e41d0e73e83903bd1750c197369717136e2cd25bbfcac4678dce3b9c70338fa52df5c49697aab6d6467520348826f323970a46ef9476e0e319e0d66ddeae9a9159e4b611344c43499e31fde071e9d0907f0a00bb2dd5ac8efb6d19079456331b8465182307079e38e3d79ce33542182102299259fca058b01cb12a4e0119c631b467b63f0a2f231704dd4288885bf76703391c141c718ee7beef5a4fb3980ac32aec6c37041de8a00e72464e30727d68033ef2da58e6689cdc0914160ad0900ae0e4e7a11cfaf24e29c221144328a88465c12010c727e6cf23a631ec78e2b49d678e5f3ed9da69a3897cd52e486008071c75381d7ae3341b1825f3ccf1955dbf780da11771c13d7e5c6073cf7e8690155894b769b122449cb295c05c9ce491d40271e9923b1e29de874ba9bce58e4311d9b9002c572790ddf24f51ed57a392268bcbddf70191be562492724631e83af1807e94dba58a59d1d11883bb629218bf5ce40fd47a6280316f04939481dd9428f949c7de24707fc6a9bc4f13994a3ae132363e3681d0febdeba8ba5d3cba8b91e60645f29948c96538c633e9ebebed58e7ecd0bb3476b14704d260a39384527006ef4e99c8edef4019ece21b52afb177e0671d3a1fe5c7d45538959915c82836ee0371e7923923eb5a9a85bdaa48562952550bb7839ea48f973f4e3f3aa6cb11853e638dc42827afb7bf414015449bd0c25b6283b873de9970ca645dc483fc61c7cc734aaa8ec571185c6ec67a807f3a6291b1a4da4f2029ec39efdcfe1480638f9158b6e3c93c600e7d3d2981d543771fc2483ebd2ac45f7f7487b003a648f4a89c36e61b4819c85ee7fc8a00ddf02da7da7510cc308080d85f7af5af11c70db78659dd9bcf118f949fe220af5ec0023f2ae1be185988de3ba9610d19218eece0e3a74f538aea3e254be568081636f36762e771cede9cfeb4d6c347955c49f68bc62bf302c4631c37602ab3382542e4852371f519f4a74ee8b248b1b152c3d08c83d7f5cd336e472a08e064f418efc7e34087a797233ba1ea72bd885f71f8558287cadd190c59f03b7e7e9ffd7a6c180a02b07e06f0463f0ab91a43e8e4639c7dd5e79faf1fad00671dea8064b6eeb93c83fe4d0d21f242e148009c01cf5f4feb561f6bb3051b01187047dd1ebefcd5ef0f592cd711cd2ab7d9e3cb48db7db8fa9cf3401ad637379a594bab2ba9ed2ea10a44b19f2dc3018c823dff003af62f86ff00b416b3613ff65f8c6ca5d4624049bc8c2a4caa3bb2f47faf07eb5e23792dadbdb2442462ad8c13c1c76fc71cf35b30c50436d3dcba62f1a44d96a8793b98042c7938c2824f73818c534d81f6cf85fc57a27892d8cda45f2cc531e6c446d92224640653c83835b8a73debe36f093eb9a599756b2b831dfcaeaf00f3b6804640dcddf39c9e8002d5f457c33f8836de21ff008956a4d141acc400711e7c9b82072d19ff00d94f3dc715aa95c67a103c51b80a6a9c8a33d2a80703ed4a4d276a2800efd68c93d2979a00c7ad03141cd29a4fc28cf34005277cd2d2638a000f4e38a6e4e7ae69c7045300393cd003a979f4a40297b50014d34ecd37826958051934d63cf14b9f4a434009938e690d380e29ae680227a824e73ed53b9a864031fce8114e50307bfe3452caa39c0ebd7de8a10d16a2ce054eb8ce6a08b918ab0bf4a62264ed520c638a8d7a53d78a00901ec7f9528008a68f4a72fca3a1a00551cd3874c629aa493934a324d002e00ed40f514671f4a420f6a402d280053093d68ea714c63e9ae40a41919e69a79381481013c534d29e94c271da9808ed819c66bc77f694d2e2d56d348b74b79a5bc6fb47946d94194e107ca49e91f52c7db8af5f24a82491ea6be75f8b7e2cb8bfd7350d4f468d9ece0dba5c37eae42be559a78e31fc59c8cb0e8107ad4c988f14bc92e274f2ee6f448f6ca7caf3c96c65867693df93f954720458e368e210945f2c6e527e6233807df9fce9f70246d4d4088942c371c1c64f4fc3351cb3437123478fdeae1b0588c00720fd0035888ab34310bd93cb4de8b95c95e037ae7a9238fcaba4d12459b4e12aca6375919539f9b04e0027f0358d690a5c08cc01984ade6333e467af38efd2b6f408a1fec748de4c072791f5f7e9f5a004f19f8a61b5d20e9d2da5cf9c6dcc41e58b31f3924823af7e3a83581e05b89a5b43a525ccd129ba569026d2c598e036e3cf031db1903e95a9e28d6eceefc3175651ccf673a386b98a6520e4331299e9b8e17a76a77c3ab5b9314515c346912dd79aaac732838e55b1c2ae36e01e7bd3036af6dcd9dd992de468d5a07d85f1f21c8e87d4f419ac1d5f4cb96b3864b75562832c8a7b7739e84e7a000f5cd6e6b7286be97734a6187e5db8da37e003d3a8e9fad121582084985b76541cf62c48273db8c63df8a7a058e2a0b27b8b6df01291ee2acc58a38f53d700e477ea79ed5bb0dc5da5a3c57f691dc3c63cc86590972303071ddb3d8f3f955db3b593cdbc12f96b194137f77712c3e63efd7f5a835d9621a4c92894dbcd3c4eb0653ef498e178ef8e3f1a480a31ae9cca609ee024a5dd999642c926318c8ce40e4e1bd3d69f7706a16ca268a4135a3ae03c8b93b71caf7e3b678c7350cd656d73a2ababb6e8c6e45e370c76c1e38feb50585e6a312c960932881dd5906d0ca9c8dc413c85e493ce38148096e44b1385b9896193259c7de04e3b67195238f4c546d0831b48234924b92446b1b7ccbcff00082382369e41e956b55963d42e1d511a2b74711a232912283c820e3209241c52416b1cea9299584685c392c70abdf07b63da8032678eddee0240b306760ac9f31dc40e300f41b8771db0698acc36bc96f106dc09703e5427b9cf4181d31c1cfd6ac4701b8595c2a46adf79810bf276c73f4ebf5f6a82e7c984bc51c6db76ed788380fcfa1c649c60f3c50065492cbe40789caa87dbca657919c3107919079155ad556e4240b190cca40639c375fba7f3fcab5eee2dcb6cef148ca0b2ee2b9560a319f5182738c7b7159578ad109162452a0fcc4a101883c900f2be87f1f5a008674594796547c8bfddda7f01eb4cb8f25a48c61832615d586003d3356566f35dccd218a584aaa720e54f6e3a9a6ce1e4512bed0170091c67d0fbf1c9a560281462a4b9555ce05218dda5c0caee39c76033df3f5a9360c6e231b5b923a1ce3ad58b1894dcc6b28662181c31e00cf5fca981eb3e00b111690d0bb90c5b2303771b801f41804d50f893771dd3f9406e542dec393c7e0063f1ad8f0fc5241a344911c3390c4ffb278ff1ae57e22968662aa1154b6ce320fafe3da98fa1c0ca2307ee80147200f9b3fd7ad44caec0b36d207519c7b53e556122843f3e78e381d467de9f0a0e519470777ca3bf6cfad488962e31b83e3770073521f36495436f0064b0001db8c7cd8edc0fe54196290c488b9ddd14638c607eb53c69b8c78b7121fb84f002e0fb753fe7b530244482e9ed9202ec5e50d231520a9e8739ebc735d13ea161676c6c8db48f88d8048dbe42cc09da4f51cfb702b3b4a9563bb622c0ccbc8894c601638c2f23b679fc2ba0d3341b5d496e5a783c9b58f60645399242dcf0d8c6338c9f7e868039bb2d2e4d5afccd1c2ef070a81883f3601c13c67a1e9dabb2b5b578b534f2229ae64475136f2007072c8a1c8c95c8190065b903b56be9fa1c516a36f61652476d2244c029620807aaa23105d88eacc718e4f19ae86d34fb6d3f12bdba8b78dd9e1d8bb4903ef3231191c93ba67e493851fc2696c0564d3eeee625926125a0661e734810104fcc53033f392318c7191d48c5490595e5aba4964cd17973aba348c4ca65ee10027f2e71819c77bef7296f0c724d685472b04623116ee31d4f2a3041207ccdcee2bd2abdc6a56402cf25f5a410a068c4936c0c76fcdb762f45f95885523017249cd303dcfe1a78a0ebda42437ceabaac0805c264664038f30004e33e9d4575ea6be55d07c7da758eb49a96802e751922dde635bdb79511e01604b103d17eef19ef8cd7d15e03f1469fe2df0edbeb160db04831340cc0b4127746c7a7e46ae32b8ce8f340a6669c0d500ee28cd275a39a0070e947f17b52734833de801d484e318a28efc8a004049a71a00a4e41a061d38a5349df349da810b498e697a75a4eb40c4cf3d28a290d0019a63938a5273938a6b7268018c075a864e95335413640c5005695a8a2519fad1408b7154c99e2a08c71d6a74241029013af4a78a67e94f5a0070eb4bd2907069f81c0a60029cbc5274a43f5a0052c3a75a06681cf5a5a061d473483da9c29a46381400633c5200474a51f7a973cf5e28019c739a898f3c62a563918cfd2a23f7b1401c37c4bbe92664d0b3731583db3ddea973036d7581480b0a77df2b7ca3d8357cdde35babf1e2abad36e74f7d2218583c3a6238912cfcc0a7e9bb01777e55f45ebed611c63c43ae5c08acac59f56ba423870b98ed909efb79603bb1cd7cbbe26d5e5d6bc5d7ba9ed9dae2f0fda65046ef2b0cc0a83fdd00a9ace4172fc3a15a6a76b7b70d05facc9716c904701dd1aab49b598313cfd7ea29d2f872ca0bf921b0db6904968ecb0b48c4ca0b2b2ed5232171eb919c9e98aad67298edaec457f716de65a9f2a3818012c8cf81bb20e78c73c01807b53eff519ae6e2fa0b58633059c8f14926c02e230ce768661d57036803d0fb5493d4cfb0b2b8bbb68ade3f9fcc721571d369e07f4ad3b384a69ab2b32050c4040bc819ffeb77aada532c72c6660c9b91bcb1b8939239fd71f9d6efda4c73b850773aab1da79e579e681b381f19e9d691c63576f34dd97c6d9326293a0ce470bc11d4f355bc0c924d71f678af2faded953f78b1060031c632c3e5c90411839eb5278eaf6d6edd6da192e5bc972657f30ed2db76a0451dfe52738c939a83e1f6a525b5cc5a7dbc56b25b972d70ef9055460839ea7186c02319e335223d266b784c71de08e19152732b8932378193d07de1902a9bc6cbe63c8a92ee03cb8e4c9f2f27efafa907b9e99145f6a524711b78d54ece0332e08f6cf6e0f26a2bc9246568c33ca45b950ce3b3e7a9e093d7d2a8625a2addcb3792448302131bafcbdc807bf71cf4c1ac3f8822e2cec6d74e3670476d3003cddc19d0e0676938c0f97ae338fad6e787b723ccaab75047242155d0053183904e4e4a9c818033d335cf78e34e1a40b3826d6f52b98e71e64df69fde0500e01f97e61cb16c6707ad27b08d2f0e41241a3425a304ccb9c01f2b770d8ed907f0fc6b22f74b5598430432b4b202c58c8cd95271fa753db91deaff84ef6c65b18b4c8af3ccbb854b2a86dc1c75c8638ff0068edebd38ad1d5ae52ca5baba964682150aa79c6e38e31ee7268b014347d2ee66ba0b34734c1c85618e1828232390491fc81ab777a4a0921914131342be6ab9272e095c81dbd79ac59fc59000f6ef645620736e56e32fbb9e588e992463a632739ab571e31b56455b4d3277475219a59c13b972c46d03182391cf268b8ee41aa5b79528578619a1e0ee97e50c0e739fc71edc5673416d25fc73c9706e2462b9f97eeb1fba3007b01f43f8d745aa4b697ba6b4d6cb88de357065392772821704703b1efcd73874fb59079d349b8c6097da7827b1c9e33d07a718ed48439f4cb89ac648c5b3a234c0348801673dc024f519e98e47bd64cd1e0ca0a1ff4707cc014ed2b92319423049c73d4fa56a9b446f28c21e0752594237cdbf1bb207a803fad670b46f38c7222ecf33116ddcd9207638ce0938ed8a00ccd92cf76cae374eb821980e428e73ef8f6f4a7c32b30955d4aaa00079510603af047e1f9f35a720b87d391e6852586294bb334591907a75049eb9ed55644865b1f2e38cc20b288d94eeda01e4367af1d7ae7140199244b2057507c92327d791d73deaef846d525d5d00dcd18cef1c1cfa71e9eb4ddc86158e7204884a2cbe606040f61d3b9fa56c782ede28e7699e4c8dd82c07009ea08edd85007ae2d888b4eb790b91b109600752475fc0d792f8f672faa3c0fc284dabc7231fd4d7b0cb745f4d81627deadb432a1cf27b1fa1eb5e65e3eb042a1d5434c936c666c8da39c1ffebd363e879e4a85c318ba0c2f07819ff3fad4d1c6228d0b0e081b7bf1ee69aecccad147ca4636a961d48fcba9f5a9628cc9214911fa60ed6cb16ed9fae474a91166c2d9ef6efcb4508ce72bbf1803b75febe95d7693e1e49a369e6495620e01609c0e7a9c81d73dbd2b3f414b71731dbb11b235de55d770183cbb0ead8e7fc8af42bbbd9e4d298de5c978e2b6f2d248be656e338e08cb024e4e72319cd348373262f0ac56764b34c8159f11c65e625253db000c8eb8cf3cf1deb5228ec4430c56714b3cbbcf9ff3f9288c0824804ed27900751c1cfa550f22575582e9f6854450e9955555c70a070aa3a607523d6b4b4ad30dc69d34688f29e7707197752370e3b8e31e9d2a901893d958cfa8a94d4ae52590ecb64f31b9f9bb9391c1e474c0e47354ae6ef5602399750ba6dec65951ae1f07048195c91b890c40fee82702bb3d634bb378123b531c6f7059a2dff32e7cb6463b7d41084f38f9870306b86d5ed2fad2d0958c3ac2e3ed09b7e51f2e0be73c0c74047b5260365d66ee14b6b59efaf308ac66b94bb604c5d5405e98209e9c93f5cd4f63a75bdd09af2ce29ada187e58c492973317527cb3b48236804e78cf2093d2b114892c1446d0c30206320906240b9041f451cf4ad7f09ea102e9f2c2d1082e63b98d964da73e5ba90d95ce00042100f3f3367ad2036f57f31f6d945e7a4325b6c30bb05c38cb3aecc0c281951904f7ce6ba9f845e27b7f056b73de4e845adc3ac1710c79554dce7e6c1c83b76b63db23926bcfe6d40d8e8e44d1c8b75e6add26c93e61b0b07627ae4ee39fa558d32f669f46b2b54db1a79595dafb8b705d49f5dac4f27f955203edeb29e2b9b78ee2170f1ca81d1874208c8353e715e65f009bc4b2786a5bcd6a40f6570236b0de4f99b42ed6e3b29c023d4e6bd2c1f6ad56c31c0d2822818c75a00a603a90f4cd029681883a1a5f7a5e00a4ea31400a0fad27bf51498f6a514084ef41e94119a08c0a0031cd271d85079a3a503133f4a0f4a383d29ad803de800e298c3d297a535ba71cd0035f8f7a86407b9a9989039e2a27e948455901e68a5978ef8a2802d44339a953a8a863e82ac20e9c5032618c0a7034c18a7ae2988701cd38120f3d3e948307bd386381dcd00008e692940c1a50411cd0305e3ad3b1482839fc290302401482909e7da940a6026402690fe74ee33ce69ad838c500349f5a8dcf07e94f6c562f8bf588b41f0d6a1abc8030b5819d57fbcdfc23f322901e03f1f7c4d757fa9ddf8634f8e36b25ba8bcc70e36c852252a9ec065bf138af3bb9d32dacec575586556b9cb428a24c820f6c74276e3afa735004d46fb55b8df009d2495a49313347b5c2ef6607237103900727d391524f602de3b2d356399fc878ee1b71f3123120051411c316c37cc7a76acb711341f308246427cb2ac8aac40cf7071d47b1e2b0ecd6d34fbf682d4c93dd141f68dec1b7399188ef9fb9b471fed574434c8d648608f52bbfbb2805594312c31d0e032e7f1040c77ac3b25b58b5ebc8be7fb5c9b2591d1180524125973ca91b718f5c9e40a188dc826b9d521496dada68de08cbcce9d4264fcbd09f9950aeec71dbaf13dacd23cab3c8b0a79caa50c4dba32996fbaddc0208cfb1abf697d25bf84757914dba4db537b708ab136e60594f0f8c7ddce324707a1c1d1a58a1d2d2591d9d5201848e2dd230c9c00bc658e73d85206723e2cd434bb9bf796da1f3273b009197039e47ca3e627381f426aa785aff0052b4d57ceb3bab2811d4865b844cb2740bd3193c9e808c559f11dc69376e916996086fe42444b2911a5bc4091b7231b8fbfb9eb8a8b4ff00115a69f697b0dbd92330bb2f146872a1083ce79e8dcfbeefc6901dcd987b88e26793ed20aab17642a19891bb9c640e4f352489752dc44a2d846a1638b3b7efed5233bbaf4e6a2b3d4ceb882f6d11edced54749148c6d0a0856efcf71ec2b1f5ef145c69572d6364209e4453bdca160afe9c1eab4c2e751e6456d0acaa2330469927fba3272c40ea3a71d6b82f16ddde7da2579af20bbb59d1c62094a9727f8f1c9270718e8718ed5a3a778d141293d8792a76833898279633cf07df071e871c9aa5e36fec77b60d6f71225d4dfbd1e5e427945882d83d0f1d38c517026f86ac2e755b98ae2da32234f9576f08c586081d8e38c8eb9ad9f184ba749a8afdbee3081848220e067048048ec3038f4e6b13c17a978734d91598982f47ee84d21611c80e7695fee8231d4563f8bad9a2d5cb2de24b6f39cb4fe66e74cf3f377c7619f4a3a014f557b56d45dece0680b3958d14fdc53d5d57ae39240e98c75abda1d95d5fccd6d25c456bb1fcc6664625c2b703d091d703d79e95929bc2a38f30978d87cc02bb67248e98e9803ebf9cb2cad3fd96de54b891c2630a092c3eea900750300638ce0e6901dfde208f4f6874f5f35060b0073bcf6da7d7a73d2b2f578e180954c8195c28618181ce7b93c8f6a34cd57518cc1a6ea3a34b6f1711a38465f97fdaec5ba7a743d2a0bb89b5045b9b50088d9be47009201c633e9fad318ff00b44296c5b127941be4947afaff009f7aad3d95ccb88ae1b114f82fe5a8de3b827d860ff91535cf9a890db5e5ac2176e4b2cdc1001f971d8e6a48215811e4062572ae5b7038073ce3d31c63e83be6908cd86de48e37fb08f3950ed57084b329079ed803ae3d7daa8dccb3c0cc48442a58bf4059b68eb9e3a7a7f3cd69b2b9dbe7cb72bb58088331380a3ef1c75c8ef4fb8b1dcead0245033b9da1ddb9c0ea3f3a02c66d9aac760d3c6a3cc6620348384c74fe1ee49eb4b6b9823f32d6ea78a72fb0844c0c6464927b1c1a92495cbc96f02c4bc0566556072390303b75e4d25958c86298cf73343164ab811ee04f071939e4e41fc680342cbc59790c889756eb3400b1fdcb7944924e09c71d48f4ab9aa6b306bb2ae9c925c8762a5e368b0c7bf5e87afe39fc2b2cdb422f5cab2f9b1c630aea48ce3b8c673c9e9e958778a60ba6757f2cab005473919c9ce7b77e7da80b9bd1784efde3dd05aa2287c00d2eddc73c28c8fc71ee6aa6a5a3dd6877aaba9d85c4721c2edde3631c640dc0e01c0e9e9eb9ae8fc39aeea76ed161d66922428e243f790e7008c7381919eb8c7a56ff0089cd9eb9e176fb6c486331058913e52a541e4fb83839e7866a02c707a4324b3a2ed91b749e546acc40208e727f4ef5d8786d44b0c3e74a238640177381f2e09df9cf03820e783d6bcce2824b6bf96ce4ddbadcab8c8040603040032083c60e7a735b12788afded2da19ededdf6ccb2a932328e4004123b7031f53401e85a8dc793b65496ddcbc840c484386c7dec704024907b64fbd5eb832c166d05a5c92445033244c09d81994823230e47207524579a47e20b591d966db6a8c7202233479c83966fbc3b7e55af61af68e0c28757850f97e64c70583b85da01e324f6ee7afad34c0eaee26115c5a6a523797e4c8049e629dfb5b6860c07d71bb1cfaf06b9bd6efe096e65fb7c4c2d66946d42818c871f217fa260020127713daac6bdaa68b7d63bacafa11b410a9bf611d1b18231c60fe26b9a332ddcb1bb5fefba0cd240801daf30e1339e07b63b0fa0a1812b2490b48f248c6d44c4ed51bf6818dcc46015c0c7dec0e7f28346d57ec4ed1c16a8eb3305446e1a7393c96f527196c7e154aea1bf9269b014cd18f9d8a295fe809208ff001a6411cf358b5f012235b28612ab85dcdd7d771c73d06471480f46f07786a6f1a359e8177aa69f6570144b1437259649918967c3608e431183824723915bd1e8536957b16a30a88ac2dee5ed74d9a370a8562976fca0f5c161f2f3900d713a05ac13e9170f6a184ca636463f7b920005bd406f6e95dd685e2c7f11e9de0cf02dedb3acf06a8236b84503721385c120fcc09e7d455dc0f77f84fe249357d0e286ea2489e3ca5bb2290b2a28e719f4fe47dabba06be67963b9f08f87b42f12d9eb17a21b0d7af2ce4811b7f9cc662436d2707e50e0fb1039c71f45e8da85b6ada4daea764c5adaea259a227aed61919f7edf855c58cbf4a3e948b4b9aa01474a506900ef40f7140c51dcd1c139a39a439cd0038f4f7a68eb4a7a520e940853eb4941a2818848aa77974109451923af3573b564ce9e6cd8c0fa5260413dece7187233d97b539259d87cce4fb1ef563ec8a0614024f5279a6ec65cfcbd05201f0c8d8c135279840f5fa556859b71c820e6ac1e47f8d301fbf72f5cd35cf1d0d3385e38a507d28b888651c514b274a29816621c7e353a7a5578739c638f5ab03a8a009569eb518e95281400629cbf5a451e98a72f0718fc8500073f5a55e7ad276a55181ef40c76290f4a6d28e281085475e4d2e76f4a180c50a0e290c43dcd372474a777348de94c061e4f35e4ff00b4d6ae74bf035a5bc657cdbcbf44008c8215598ff4af57615f36fed77abbff006e68ba4101e086d9ae8c6386691df60c100e0e1481eb9a996c23cd75ad36f67b721524891562b912c048f2240008c06231bf7f18e87232704550d1eeb5d6d2af1aea47b1b5f3105c484b32622070a14740a1956bb1bc9a5b6f0f5eda8dc6e6d21962b91e461a4b39954ab3ab0e5e3254903a004f1c0ae6ec74dd7af34f4b7d2eee68a397cebd78b72980ac6ca8a43f5cee2531e8075cd6405c36d7d737304310dd2798a14127e57e42e48fba39e33fd6ab693656571e2ebf9ee626844166aaec546448641b8360e3202b03d3d4d6e7c3ad56de1d626d3efa387ed492b5d19447bb9488028eddc93819ecc0fa8c55f16ddc969aa6bb6d0daac57136b52c16ea00cb17c1794e3ae178c9ff006477a608813558b51d0b56d32006749e358a3961c22c7b62c302c47dde7f87963e80d50b284cf12cd0dcf90d346fe5bf07caec1b0d8071c67d33db8addb2d1e7b2f085adc24339dba6e5982b6c059f0bf36303804faf35cb6b3a47f69da5bdacb34917d99b6c5b98ec53b806c819386da39fa526232352b0d2bc376337997115f6a32824316505383939249039dc7b9ae7859c321b70f2c4a9e679654928b215c6727f848ea7ae783d2ae6a9a35ee91105f3adda09cec691148dbce73b4f20e17d48e7deb2636f91c23ba6791c9cb2f24ee53d5b8e7a5203b98eee2f08e892dbc466b8b8989fb33a8c47130ce739e7af3d39c74ae57c8be36e6fa57b982d071232b6033e338e32070493f5c75ae8bc2eb677ba04ab7ca1ad236dd2077c724679f4c73ff7d5616ada85d5c4af6960930b20b810a0fdd48aa3ba8e47e3c9ea719a18146dede3665b3bb9088dd4bc4d90bb09c8e78e464631d7a1ad1bfbcb293c3f696f6eaf3c9122bcb28ca1d8095c1f5e79f6fceb0459ba450b4d108d03804b3e0952063e5edd739ef9ad786c20b3b27bab7093a9942095e4da53a92aca33d541527a0241c5200d266b06864863d31ae6ede558a072010376719e783e86b460f04788678e37ba16f6f24877324d213205ef90338f5c56444228af14c77572b6eb2ed8b0a370c90c8a48e08e01cf6ae8759d6f5dbeb978ed4ea52c69fc31c46372eb9c92473f7b3c7f92c0c1bdb3bdd3ae625b8b50db1f1079833b8039182a7af73cf535774087530d68d03b5b2b4af1f9cd6e0955eadb8fd3b1e0d666a4fa84f2017971348ee30df6860c0720e382428e3afb76e956f47d46eadd646b40863c64c6cacea7b0ebc927d7d33d71401d6ea33ac50cb2160e590aa49203c9e46ec8c7bf23bd52f08e4e9db5ee5242370886dc70060f1ee413ebcd6746f73ac3cb36e1043113bd84840d9bbb1cf2072471cfa54be16b56333cb14b26f00c614630ab93818c7ff5e8036b5758e7320dea1769238e0f07b0f5e959d68c66d319ae15c88d591c48725b246d3fcc56d6a5185d3e397e5693ca63cf19c80377ae0565c1148eccdb991d8842b8c607723dbfc698121606008d18c901464ed3cf5fc38e6a9472234c12593e63f2838e083c6d1e9d2a5bb0ff00675bb8c659c88cb49db1907a7b9cfe1515dade240d740f98dbc1d8a33ce781f4c77ed487a0476891ac32471ec191b8939c0cfbf6c8156c4d1cdf69b599d97caf9c14fc0f00fb63f3acd692660d06d324522b2aaabfca0e09daa4f38ebd7d2ab279d1a165b8671b7639241fae475c8c50234f5132ac892dbb3a2e061946e6036e01fae7bd615def798caa5183b6d3101d091cfe95a9a52dddcc06de18279bcb88e5618cb18c1638ddd7fa53749fec9935c46d526b8f2363661b5708e4e784dcd9d98ee704e3a5005cf0edb4f730e6260f1c509776247403bfa1c638fad6f690d26ad2dce97a7cc924f1c651e207e63b549381fc400f4ed599e27b8d33445fb5f873740aeceaf6b21131f9ba7cc79c7ff5ab4fe11584127896c2f27778a2827f3e49b1820202ee73f40d4c6729e29b5f2ed60d52dd94c5931b0e49246032fd00391f8d6445fe916c703890e012bf8301f967d057733bc77d69abc571049099a56b98203c08fe60dd7be627239feed70c59eca496cd832b24a36a9e028fbc09fd78f7a4263ed6d77c804891a20c170791ed9f7efec0d3ac2da2844eab11326f50ac0648e3a8247f9f7ac8d62f73a8030b3bc31aed8f3d48f7ff00ebf6aef7c33a3dbeafa5e6dfcc82ee44ca17276bb01804e391db91f950073d736d13247e7c8d246c44414c637e0ae41523a7cdea38cfd6aa4fa640aa04d24f1c2d2109b5b68c85e738effe1c575da2f87de013dc5f44d25ddb91f33e479457aa9e78e84fbf5a65fdb472e91e7dbac7209377ef170558647cca3380d838cd0065d9ccf0413d8c9231bd9ff765b611e5a823eee4633c0e9e86a77b096d2e618a590c6a1c805e3db9668c6377af1db383819e84541648126b74333174620a21c8ce7866efce7b6718f7ae9ade58ae8be9b3215b70b88378cb23ae33cb738241e79ea71401cef85b56934dd3dacee2399aca5280959510c7b9949c13c107693db1c8e338aeabc2fe26b087c67a26a169a7dccb3dbdf0b91cf07014e7dcf5c8ff00eb562e9f0db5bdd4b32ceb2c6e8f1bbc898695faf0a7be0939e98071ce2ab5bf87a68352575bd7821fb28b90b0310093d02e795fcf9e0534c0f7bf8aad6d67f073c296afe42dddeeb10dd2c287966691ddc2e393cb81c73dabd4be176b16bac68779f64b0160965a9dcda184127957fbd8edbb39c76af13f83306aba8debeb9e28bdb69fc3fe13b66f28bb1f304c4f9bc9e9ce7713ea157b57b27c1ad4ad75df079d7edbc3f1e88fa85dcb24d0c6722560db7cdcf7dd8fe75a45dc0ee17a734eed4c14e038ab18bcd283da9b8e73cfd294503168f6a292810b8a43c74a39a5038a0634f6a5a0f514628013039aa73af9732903826aed35c0618207e348115d5b1f4a8279547193f415624b60c3e572bf8556874f68e52cd21607da90c841cf23d6a643c77e9523c1cf1da99e530ea7f0a2c21af9cf04034849dc01a908e318a63af6a60324e28a4704ae28a045c887ca33528c702a38ba727352e7e6c53024514f539a653d6900e5539a76483cd3475a5626980e3ed42f5e45203f5a327340c7714d6a71a692338228100191cd2838e280485a69cf7a0629e07068193919cd37ad038e9408461f2924e0fa7ad7ca9f1f1c4df1c24b7bc4371108ad921e398b38e9d8804eee7a915f54b1fad7cbbfb43b2ffc2c6ba8b6c69bc445a418639d831907e98f4a996c0ca0f7ba74fe14b387c43a95ce9d7161ba4d3b547f9c92adb1a36ecc71f790fde523078ac8f87d781bc1da96b97732411c77315a5a5aa4663454336e91a31d406e73c1c600ea2b96d32595fc2dac34824970eb2470c92ef8d88c67208e7e55231db15bc145e68de11d22284c702431cba84b00184468dfcc439ce18988bfe248eb59888a0f32e3c65a84f0de16f36fd19660060466452471c1ebc76c563369fa8ddea92f88112f55350d51f12b153b5a49092a3bf0be5fd73ed56bc2b79a7e97e1e2b2deb243776d2fda246386850901557d8e7249ef52e86f7b178634dd4668bc9b7d36d99e3f31bf792dc6e20951d900ebd371e9c0a2da01dc78816f47826c6c5aff00ed56c1512cb233be2de70e71c0206d4e82b94616904b14a08481232c547f0aa025bf220d5df126bba9decb17d956dee5532ab3d8ee264c82013d9f6ed214740083d6b919cea1fda975630456c666815646771b21424e78efc76ee702860626b17d71a98ba7631fca400806c16ea5870e7f88921571f519acebd8638a39672886e311b3480124074e481d57a7d6aeeb3651c57cf6369f300eaeabcb333000b647180719e7803d7359d71109ec4dc411425436f2a22e54b1273827231f7475c8a903bef0cdd69d7da7aa5bc3e4c618472058cec6c2608c9ebd79079ac8f17da41a4dbcdfd9325a58c05409adcb12f2b6e1c0ea71ce71ed597677ba969d15b430a8366cede50600bc8080371c0e80d645e7fab56923c6e25b7b0389b1c1018f2541c71f5f5a605b8a0f24dd092412666089b572b212bf3007a719e1bf1ed504a372dc3c71811ab049192524385c00071873d4e7db26b43458af27966844e1659c0f284d2911e5086e57af6001fafe14ef1aead7535ba7ba8a394cff00bd6894044c36719fcb240f639c5161104315ac1791fdb552682223cc8d15977e3395ce3afbf4efdaba3bfd51e4d122d2acacee2c6d506c6542d20948e5b2fd7272b9fc7939c573970f119668da4982cccad85fbacddfdf1c9c76cd6c6917da65b4d6d881a58e09b2f03b0756524066c704b1c8c0f41cf1498ca3a35b599d4edd2fa2805bbe32ec3765324161b0e3eee3af7fcaa4bb6962d6dee6d592d820908731055550cc395fba0903a0f5f7adbd434ab2b6d544f637177e42092448b08e55300e7030b92065b071c7049aabe2630dc5dc52437979a8064532a22068d6665276ab0e4f5e4919381e868035f45885d694cf62c91bb4581bc70ac7a9e3aff17e354f4eb57b4bb1a63a348c3e45b84f99588e73d781823ad66787f567d36e25649498a4ff005a49382c013865e7df91f8d4ff00da4b1eb52dfe965a232a957dcbf2b9f94e7a1e49e83bf5ef401d6ff67caecf964c84c072c48e9803ebda9ad6a890c70edcca8e4f9fbb278e9c7e1f956d69f30b9b5f3bc9003618038e847b550b9684df2a2067db92ce0f0a7d31e983f86298eda988c64857cb9a38f603c3633b4124924fd3b5588844b6524ecc1a275f90a03ce3e606a6d51596deef7dba3c7b11d07e2403f9d665a5c4a7cc591236806f55523ee82bf37e3d290990dcdbc0d3a0456d92658a9538c95ce7fcfbd54b8b0583734606472e0e70073d076abb80d0aee90ac8802b38c8191c0c03d7ad134cac8eaac300e00fe151ebff00d6a02c50d2fc53a8685ad4b6ad982192e7cc60a305890304ff00780038cd697c47bad375796df5281a237773bbcd9a340ac19464703d738ae575db55b8f3a689b7bc4c58852492a79e4fa8e2b0e195ce553249e00f73d2803b2f873e1cbbf10ddbdccef27941bca85a4c91e6719fc81fd6bda13c07240562dc9696ae9e54ab0bb06607048c9e06ee87db347c23d24e93a5c11f94a7ca8806e0121c824907eb9e6ba6f136b11dbd9bb4af962092fd02e075fcaaec921a479bdef8467d67c47accda7def9173108d044dcc2db90e72073d0e3835e53e34d1f55d135764d46d9edddd4648f99188eea7bfe95ed3f0eb5213c9717fe60df733b48437519385047d00aeabc5961a4f886c0dbea71452291b7e7039fa1a564d6807c937f0c9b370dcdb46241b785fc47ff5ebd3fe0d3dddf5daafd966896dd3264ce15c74c7ae69344f01c1a878967f2ae1a7d260b8db14849fdfe0e0f23f841e33debde744d16daceca30228a25540abb4703d334450ac7967c67d02e5bc392eada7bbacb0c7b6ee3572049096ea54752bc727b571de13d1567d1a69ac16495c46c3cb56f9b76320807ef671c81cf1c722bd53c797d6d650dd453056b77b76126e201c60e7f0ff001ae0be08bcf0cb0aba2aabe1d4b9ebe868b6a07216b7b2c570649aca4326f0cf2a48570fbb01b9fd467ebd6ba7b4d4f4cbb96cefe3b88fed0ac629e345236b83d31ce41527a74c106ba3f8a1a0dbd96bcfaa246161b9883f927e6dc49da576f1c8dcac319c826b8bb3d121b8d6a596ce7304314a5e268d766ddc4855391ce0019f503de9580e87fb3e2791ae02c6908381c0e1b3d79e3aed391dab32f6e2f2d754d4225803c7092bb55f69f2fa1fc323201e9c5745069de204d28c76f3d86a13c3212b1ca30230d81852080a4f385208192076ace8b57b1b7d52d2eb53b49acccb33b4b91e6c4558e77600ca81f36770fcf14ec06a786b5dbed434693c3da647298353b8891e11f7e52a0854f61f3678f4e78afaa3c09a29f0ef8474bd14c81dad2008c41e3392481ec0922be55d1eea182ee3d5bc3f750471c0fba392d8290aea3248238ce2be85f863f122cbc5527f665da476bab247b8a231314e3b94279c8ea54f3dfa55c6c07a18a51d29a98ed4ec558c5a51cf6a6fd29474a00518a0e2901e697a5031306947d293e94b4084c77a4cd29cf514718a0627141f7a5a4340099e7ad2f38a31c51400840a89d7b8a969b408aeea7351b83deacb0a864340cad2023a73451251408b91838e7ad480722988c40a913939a064c06294714d5a70fe7408773de9ca40a45e78c669dc76068013af241a518cd2639e3ad04f340c775fa5230a69240e314a5b228108739a037a8a7601033f5a423b0a0634f5e290f4c0a52314d6e280b0c7e6be56fda25993e24ea5b64cb8485938fbb945183f91fcebea76af8fbf68d7bf93e2ceaef6cd9b693c8b789d7953279409c374e3b9ed533d8472577716f69a1ff65bb422092f21966c447748b23153df919545603f85b239eba560a2ecf88358d3edfcad32dee4c8918cb399ae23f2cae4ff000a0dc38fef66b12611c168f0958ae7cb50a5d976e0f00907b77fc299a1ea573a7b5cdac1763eceee2390aa1250b21c07040c8dca016ec467bd65711d0f86acf4d9acee6ef5193c88637e0ba2324aa8d100ad9cf5cf38c67d6ab594b36aa34db168645b14b5495dd97619d8a018c750b967e7bf1d8554b49e4b38cf87edb51d3ec6d27b37fb4cb700b12f808ca920e3736154647606b353c4b2db32c36d2c31c8e419660372aaaaed551df000c638fd69b6075b1dbc76922c36f1ac688a02c683ee8c9e17dbfc6b9d86fad22f16defdb5266f31fca1856665c1fba7b91db81fcab5346d7e1ba264b878612a9b8caa42a9c1e707a73db1d6b94d10c32ebd79269d3bac6cec0cfe5ef720f036ee3c63390c3d33ed45c0afe20d42192ee4bc16b024a599519986e60bc05c641edd4679fa62a3904b18549628eda4de24591a2dacb195e3072091f787d0718ad0bed1e28a7466d4104ad21f302008d1c4bb49e33867c9c85ff78fb5625ddd47f6d123c92fd950b7cc572a77293c29391cf1d7ae7d714c4ce83c1900bed42f34158b72b65a2ba0176c1281c36e231b490700f5ce6adead691cbe7d84a92cd1f1e4932a97f28f2e91a9c0dcb9639e377cd93d0565f86f4ebcb8d3eee6d3da306d590c8b1dc7df7c8c1f7c039c8c609c722b46e63335d5d7db23749a0837480c4312b6efde360f42060f0319e475a066458e9778da8a59da5ec31498c84924f99981e4719e40f9b9ec0d412e93a8477682f7ca8a550d2405e2e26601481919ceeca8048c722b674cd4a4d27cc6feca79aee58c0511c59923c29ceee0801832b639ed9aa7a84daccad16a37b63740c96ff67592453f26036036474dbc81df820f6a00a5a1b6936cb7c9a85b4af3b46a90c9c7ee886c9620f39200c107d7ae715b91cf7634dbbd2f4f5d362d3ae522bb9e6902ab2337038fbdd4918e40ce4600ae490b87468dcee2a15942920e73c838e8739f6ad917d77716f059472c972861412a7943081642235ff6d402a7279e71da93126687d9f579b4e12e9f0b45a73ed89a58e5dc7cbe41c2373f75f9c70411d69fe261fd956a9630d8bdb5e095927266df248ea4fcce471d5c1c0c0c75f5a5b79fcb8ae356bab896d2e658ff00e25e23dce5640c37938185eb8c631cf1dea8cd24d75a5cb2c8d23cd6f7b1cb202a0946656523d0fddf6c503281b766488c9e5c003b42c627e06319231d0639efc73c5566d90cad6d2ce888e84bf952165dea70ac3d7383d71d7d315666b9d964de5dd4b73248edb4b64045c633d7ef60f4e838a8ff0072d742e642d21c6e61bb3bfe503e6c8e7278fd3de934074da36b9345f66b39ef9228111df30e1b049052363d00192463d70715d04b7d12456f3b0e242722321873efc7b5735a3dde9d25de350f29bcf0b22bb21604f4c724e0fe83daba9b88aca1d2a426140d9da548fbcdd47e5f950868ccfb6add25fcff003a2332c6a9236708a4100ff9e0d6759b48d6a90c085d9e521439fbdc60e0fb13571098f4df31c262421ddb94233c7f9ffebd259c5f2c6c00da2427918ea3fcf143023571217f3dc15190a4e3042e31fa1233ef55258fecb1ed0405231800603638273f5e39c7ad5b9767d9a68e3c79992aa8e01c83c0207a0e9f95412b44fa7ef922c46e700a9c98f19f9a90ae66c1657874d3ada9b4991c1fdc094898af5dc5718038e99e7351f803c3a757d656f8002ca19432861d5ba85c77c561a4f7f93a5c4e4f9ae1171ce79c63d874fc2be85f01f86e2d3b49b4b2890af940190edc9627a9fce9a5703b9d074c4b0d1d23632232a012077dc4ff00faab89d7634f1078aadb48b8722d5e4ccea49f9a25eded927f2aef7c4b7296da1feec0563181d33dcf4ff3dabc5f4af115b278bb509a695445146b02b1e3041cb63f1e3354c6cafe3ad1ae7c01a826a9a43493e952315f2ce4983ffadd31dc51a3f88ef7c5d11b1852482d1c959a5390587f7540e9e99ae835bd4dfc4d66da5da216b2972259dc1c38c60aa67939f5fcaba5f04786e1b3b38fcab68d044004555da38eb93dcf4a2da88d3f0a69505bc11c712ac71a003a74c76c7e55b9ac5c79702953b1402a381519b986d599772800166f9b9e7b579ef8ff00c4323bc1a3da5e2c7757f205f3319f293bbe3be07eb4cab9e7bf1b3c431dfcf2e9b68ea4af1330230a01fbbebcff009eb5a1f092fadaf27b631204922544742bb578f7f43eb5761f0fe83aa6ab65fd9f63e75a599215d9431b8909e5989fbc3a9f4c9af47d13c2d6ba72bbad98f3a420e638c007e98ed9a94b527723f8876d0cd04139280db4e0a13fc3bbe53cfe3d7e95e77abddc9a36b0da4c96f13c2919b8b7627e609bf731f97ae777b9ce306bd0fc5b320d39946e7cb22edc03939181587f1374ddfa2586a3022493db486362700b23a952b9faede0f7c53633989354b0b948dccc55bcaf3029054ee099193ec7069dab5ddbdea2acc551bca70ce140df91c0f41f773e849c77ae0a66be2b9686645c8846e23058e47af1c647e15ba97c915918a6f958a6e8f01be5201f97f5fcea44543a659db379b65732a5c4b0b5c192073190ce0908107cb9c1008c7ca063bd696893eb1a56b769ae5bccd29d3a45b8dccdb1875dc718e79cfd4002ae189a46591160ce4173ceeced18249e00e4f1df934e63e65bcd042db9648f62829938fa53480fb334fb95bbb2b7bb8c308e789255046080c011fcead0acaf0b49e6786b4c76904a5ad22f9c746f90735aa0fa56c3171cd38629a0f6a51c9a00075a776a4ed49df9a003a514b8a063340c39a434bde90f4a042504e281ef486818a73eb49d297b504f38a006e691871cd38f4e291fee9a0088904641e2a293a54ac7350ca4ed1408825f6a28928a432e274a900191838c53139ef4f5501b760648c134c09c51f85229ef4e1eb9a0428e0714ee714d1d29e8720f20f34000e0702901cf6a0fd2914503148e38a6e73cd2f7e29b400e56e3de8070734d14e033de80118e4530f239a908c544c474a047997ed25e26b8f0cfc30ba92ce6920b9bf956cd258dc2bc61812c54faed040c7ad7c7f6779225b3d85dccc20113ca645077a3900e17b12429f5ce2bddbf6d4bf6f3bc3da5c92ecb768e59cffbd90b9fc8003ea6be7cb0d3352bfba85a28a38c3b2881e4384caecdd9ddc775240ec4f18aca6f51334f56d674f6f305be4c4f31e00da31d01fa9033e955f52b1b84b08efe3b595602cf0b18c1042edcee2477e01fae2b0af258889363451bc6e768552428dc7e4cf53c671c0181eb8abfa54f7305e47a54922a453ddc7e7c52c8eaaebb87cb211cece7240e463351703435a5b1b5d644968d2b40b042c3ce52007232cab8eb86c8f5e3190056532db49279c0795bc90096c1c633e9907a71d4f4f7a59dee0dccc5df26395d5ca6700afca465b9c0c601e09fc6923959a1649770da0498c649e98fc39e9c9cf3eb4c0bb68e91298e75f3e29251f7472c01cf2a3e83a7706a5f08ca89ab384448a6919ca232b109819185f5181edd6a3b08e4f3a0889dc22cef7ea31907a019231c11ec3152e99a80b4f10cda9d943717696e0b49f264740a58f655e9d47e06988b7269d7d7776b855d5da4266786070a9b883939e1b200cfbf7358d748248e08ae6d6384c804843601c139dcb8ed8e73df3d2bacf16d94d6f1a6aad72c0878c794ae0b4cd8e88c39da7240f4f5ed5cadac4f7121bd689a096466f9cc64f03bf0390015e7dc6719a633a4bcd62d2eaf5efae76c6b1c6b026d3122cbb7243e02e5491cfe42b31e73ac5d09dee248dcc82159653b55413f7643c100f1803d33d3a43a241a7bac9757fe6988c3b72e490646070f91c6463a1e0f39ed5a506a705c5b43676fa65be876875021e55696440594e0b962c5beb8e01f9681146df549edaf4879ef2395e4058f26441d197e51c0dc0000e7a7d2a1d4dbcfb7f3a5b8ba5bb5e275daa231186010921b391c11d71c8a90dbdc5af9d7066691a690ac8872c51b249c3750bc6323a64565ea40cd2c7785250b245b629303121070403fec8c2f4ec7a1a57012dca1994ba952118b17f98375c6ec773f77deb77c1f74969a948658185cb61a2902e24130238561d071ca8e4fd735ced9cb710ed8f686dc0a658001578c107a707bf6e6b7bc217b3aeb0ad6902a0657f319c954c1001625bd5b80dd41a682c6e5d4b3c3f6597586b56b784094dacb6fb5641bf0db9cf00f2327a74359175aa457b67abfd9a17847d9833c9238323112a903a0c28c8c0e4f5e4d6b5ccc979e4daf9f34b34e81555a6528a401853b8631c9c1e338c13c573cb677575a95c9d425c086de437572ae1bce11a63e5edc90a3f03ce681993f67f2acd63b8654f386449c1538c707b8fc2acadc6e11db8b68fc8215bcadccc09da32d9e3938edd3351d9cec903c322a4a3050063f3025ba8f5c63a13eb5a7a669f05dea088257111527cc594e63603a64719e09ef52f5034bc3c9a57960f936f14c5b7233f5db81924e78ebdeb76e088e763200e0a61415380bd4819e9dbd6aa5b68b0b4a2486579628ca9318652304004b6d1d09c7b55ab9dfe6f98b74ac76100373b3d4febc1a6066b473cc7e6cbb2ce3710dfc3d7f2ffeb7ad5a4b90ea42e5115f786c677374c014cb947913cd0dca9e58b6303dff0041f8d452aba431929b011bd71d003efea4d4815f2258a472064b7c8037e7fa62a2b84260588c9218c2e36283f301d87b75352ec76cabc3b4c8c324c780bb8e3ffad525f21b7b3b6b89594c1e4165752e771e769dbc03d319e9807ad01732bc27a64579e2fb66750040a19c236416c9db938ebd4fff00aabe91f0f081628493bc6391bb1cfa5783fc3385bcf92f650c5e762ea1b3c28e95edba6ce45a2e5c8248e4e38f5e6aa20887c7b78ad6c618d8ee038c8fe2c70315e7be1cf0369f6a45cddab5d4eec647323e72c4e738f5ff003f5ee2e2049f5069dc12ea4a91d463e9ebefd7ad6b693a489e4dcd12ef0dc7ca3247bd3b5c66669fa6210ae5536839c11c7d4d7437ba8416f60b14323165504e075e3a7d2a67b448414d9b989e9b4673ef500d1e3cc72cdbbe7c82bd81fc3f9d30b1cc30b89d9a662fbc9e06dff3d8571f3f836f2f7c46fa9cd2dc18dd76e3a003d0773f4af5f9adededd4840a59b0157fcff9e6991e158bbf00fae3f4a2c0ccdf0d6836fa65ba48ea1be505580c15e9f9f15a37d74b0833ab8091f3927823ebdea0d575148507ccab850c73cfb64fa5719ab6baf3ea3fd9f6acb2cc179039007a9f4fa77a2e0684976ba9eb505bae51558ca3048271c0ebf5cd3fe2844a7c0da96c578a68e2dcae1fab86041c76e8299e18b46b49cbb90d33467717ce58839eb507c44bf8eeb4afecc043fda654836f73b98679fa0fc28e823cc9ecaeed6686ea378ae9890f6d04d336d45dd9231dce063927bd43aa42711a4d6b711280edbd5bcc4725800171c8192064f20d59942b6b16fa70bf8d1967588a4b260a9dc3e6e78c11fae6a5bfb4b9485049f20b8fb422a993e75c3670cbeb951df1939ed51ba01da32dbfdb20315c46ccf12218e4c92cdb9091b4fe38fa553d2669a6d52e9e376648f194c6421ddb48ff00d0734e8c79d6ad6b110b1ed56e32aaa13731c1ea3b8cfb8ed56346b78cdccd6f631c515d5c2469186600163f338c9e0642139f50b4d01f547c17be4baf04c76ca4eeb1b896dd948c6c018b28ff00be48aedc57cebf057c670697f10e7d06e6ed7fb3f585ff004393f8249c331521ba72015faed15f4429e6b54ee34499a54e79a6669ca6980ecd1c6693b6281da818a693bf1d6968a04267f5a31d4518a5cd002638a4c8c528a6fad0317de8e3149cfad28ee6801a452374e4538fad31b9e28111bf06a273c54c57150bf340caf2f5eb4512f5c514ac22fa74e453d7ad471f4a917af14c6480718a71e9480e2947d6810f1d0014abdfeb4d534b9e78a0761c7a76a4cf614678e6901e28015475a6b0e4e2a45a69e7bd00309e3a52eec0e290e31c5181d2800278cd46debc53c800544ed8a407ccbfb67b18f5bf0ebc8bb2096cae10cc7f871229207be30457937892ddf4cf0edb4131682e7ca86fd84b087593cc05d7e61d58ab2e73c7507ae2be87fdadef3425f879125d5cc1fdad1dea358a021a404e44848ecbb0f24f703bd7c97abea134f7368a43dcb5ada4568e5c9cba80415e7a023033d78f6ace5b92c6dfd84c6e27077ec621819cf9659d806c051db0dc7b7a556b3f28a884a3993cc0637fe124b0c9ee7be2a6d8258d96e1dcba2aac4bb38e7aaf1d87278ab7a4e997125c4f75e5c0e966ad3cbe74c511548c2b6e0383d0a8f51cf4acc076a2d0c7aac8f6456289a690c61c1dd82c76a9ce4f200ebcf3cd4065b77b957783e5da100ce72dee07ae4f355a19a68c7eec9986373bba90ac47a67ef13f9702a3851141b82104670233b8965e3ab2f51c71cf43dba0a770372ce393608631c283964ce1303ef11dc8dc33ce3db18a9ac4cc35fb5823bb305acf3aa49b10012279808041e392a383c03cf6acd86531064882db199bcc5109f994123009eb8f5efebd2ad69291cbad471df456c5ae5192366900891ce7e6391b4afdee09f4e69dc0def10dbdcda6afa8db457ced219f10f98a659901246c1c90320e4718c2f02b0bc98926648e2b822380a1264c0f3081972339c607201ea7dab674a922b5b2d4f49b208546c492ed5b622c0c4e41fba598b720281c0158d716cb11ba8ec27b98e38c986369cab30dc404048fbb95009ea0671c536c4665fb81349f6453b090cf86fbb93c2e070307238ad1b0ba5b0b69227b58659a442556e5dffd5b8f9940e8a4300c1860f18aa5bedeea6b783281bcc58cc9082437be0fdfe703b63f1a5d3de2b492e20954dca36dc1e479530270d8ce18f0c3078f4a2fd466c6a978b7ba5db5cb45fe940f94c646da25520057cafa05da4752307d69da969f0b5b8d36d1ae25bb89a387c9f2f0cedb98bb819e0b10a303be3e950eb972a924660685e0dc50cf6b1bac65f008e24270483c91efc76ab9a425e492b5d47bcc91596d9a762bb648814d8fb47f123841d894ea78a5b819b7b6773a55dadb5f4571673b26d740464e429538cf0a738c75fc73572daff4fd3ad20335a5bdc184f9b1c912156dc570f1c9bc9381fece0927393c560de4b34b2121c4ad23132618b75e0727f2c7d0d6d69179676f7a2e2eac05fac10ed0b709f2c6cc369dca492ea3049e872723a014f6d00bf6c9aa4f6627b5b6436b6a566905cba1037b1e18e41001fe99c1eb474e8cb5cea772678981b191a491232a3394072bd7058e327a923b55dbb8751b9d2bec3f6bb2b2b4697cc91242a9b3049e3009c364632403f2f539c61c01a69b528a0ba260683e6dca50bc4195ba7383c0e3da9303384130ba48c1c3b0192849f638cf5f7c7ff5eacc1260aba08a450a188eacc319fe1fd40e9c67d6ae5ddadbc73c62270aeaa64629f2a9c03c8ef9ce4f60463d4d530de622bba990b0e5d06fc9e00e3b1f719c138a4216ca468dc3c0f24459f2bb64c104f4fd7deba4d37c52c4fd9eeed1048c9b1e70d82a7b920fd3d7b1ae72d73e479512e032e4318fd3f8703a93c7e66a2f25e3f2e60c11641bc9dc338e738fc8f14d0cf4c9a122d906d505be6766c1c37f8566c9bc9952d90caed20509102c41c64e07a0c669fa75c4b7da5adccee18c60ee62e406da48cfbe700d5ad34c46f3056388472196e16541e532600556c739666c63dfb1140196637780ee89d499c400961b59d704824f418fd3eb595aa5dcada335a5b2baef97c95915c10dc10c08f4c7dde9c0f7ae9af219a096ee0d3a67fb0c779e47dbe61ddc0dcb9ce7e6c1193c7ca39c8ac0d48e9f71e22b3b3d2ecd6de181ce57cef33cc6ced2dd00c1038c7f0fbd1d40ef7c11a70874388b1fde0e4e78ff0020ff009cd7516aaca0ac65962d9c67b1cd66e9f1b5ba46012aa71b4e7238e95bba7426497cbdc41dc32df5e3fcff00faaa90d1a1a6e9e677472ed185237fab7f9c7f9e2badb7863b588332fcdd78e47d2aa69f0089554018c6083cf6ab17d3148fd140e4e78fa550ec51b9769efb6b00c3a920f39cf1cd6a4ccbf66333904e381f4ac4d230d7d265b76e3cf38e0569df4a5bef48a71f7839edf4a0665dc862fe63676b678279ac9d4752b6b7dd123798d9e30b9c1fe952f88af18b08e16078e581380be82b334bb189b0cebf20ce71d6912ce67587d5afa530c513a863f34847cabcfa56e784fc3bf655564466072ceefcb31e3927f956ddac11493bb3383085c85000191d79aa5aeeb91d8878d2520151c29e98e983400df11de5a69d385c9de096ea3ae32df8579d5deb33eb3e328ed74e8bcc9d10f924aee5476180ec3b8009e3d7154f5cd62f35dd5c691a59dd293b9e43cf943fcf6af40f03f8574ef0dd8cb75e637da1d4349348d963ea4fe447e348473e9e1cd1ecafa55bb31bc50e64b892620191bb927fba38e95c66b3a94697125e5842618166fdc4520c9488b004f278c9dc477e456bf8ad2e357b8b896dd64961b6e4c418ec98e785fcb27f9d71d29b8d4a29de59b728545dcedc9dbd07b600c0f7cd27b01d16a775169d12af94f2b4b14b1803259d8b301803d0753fe1599737f736ad64d1d9a0bb9235db1bc4e0c84aedc7279e09e78c75c62abfdbee43896e6fa2826b52a2082480c8e5987ccc0118e07a9e320d5226e27b68936feea66fddb6f6569dd5986e03be3d78e8319a422dd9c7733eb513caff0066962602e277987ee155892f1eee8318236f39e466bed2f855e2b4f14786209a6b88a4d46dd152ec23a9dcdb410e304f073f9e6be1e59d7ed11bed6ba8a12a77361f6a8e18607523381cf43df35e97f0dbc6f1e8ba8c9acf87b4936b6b68234b98a191556ec31c33cb1e7e42738f906010092306aa2ec33ec7534e18f5acaf0deb361af68d6fab69b3acd6d3ae5581e847054fb83c56a2906b518efc6971ef480d19e6818b922941c8a4a55e28108734801f5a71e9498a004391498a5e94bd45030a4efed412681cd002531b814f3914c63408631e2a039dbce33ed53b8eb5038c7ad032093a1a2925c83d28a02c68c63819a93181ed4c41d33e94fa0438629c383ed494e1d280141cf1c52f1463d290d00281c668e848a1781f5a5504839eb40c3f1c521cd2918ed9a4f5a0061cf5a3f5a731c8c1a4c7a50031b35cafc56d52ff0045f875afeada6398ef6d6c9e481c26f28dfde03be339fc2ba9615e59fb50eae34bf839ab4625f2e6be68ece2c361896605b1efb54d2607c4b7b25d5d5dcd7524b35c4aecd2cb248c59a4627258b752722a7d32dedda3f9e413b86c3ac6e573d70b9c74cf0476ce4567c49249199150948d76b0049ce4e703b773c7d6a78d5ad67963f9369fb843291c818cf1c9208f4e6b04497e4b6785bcc902c49b4af992740dd30a79c363d791d69637b98ac6f2d6dcda1b695e113ef7e632a5f181dd49effec8a8d6e4c93b820b119691376412393c67db38c7b7d64bf49534c495c2886e240d12050be684ca939ea464b8f4f4a00cebce2e0bc6380838c96214f071ef9cfd7d3a547e6081c7d9c83925a2e9c0ebc1e849e39ed4db9cb4be5ec187500177db907b7b7a544c923cc5b7bc8c1b7120051d083c638edd3ad2024fb534cfb89c386c460a8c7bf3f5c7e79aeab44b19619b65cdbb5acf749f678df7c726c25036d650d9390075c633827922b9285c2912887f79f2e096200fc3dc67db9ab1a51863b941744f92993361412c0918e3d7bf3e9408d2be692e5cc7280ec27d830c5d0b631b864903279e3d6a0b989d639239a7ff0058989510a82acb90b9ed8c83d3b73deadc4634374b25d46af1c81a356508cc4f1d39f5c71e959935dc514925b2c424705191c499e703bf5cf5e32403ef4c640ab2999630859c8190013b8f5c7ff5bebd29d0c730b377453891c0542a4ab8c763d09071c0f6a97ce0499ae58c803300be69073df23bf23af5e29914cd208955d8f9677290fc2927d7b76e9ea68606ee9902cdab4b61636f0470b2920ea1b4346a1371cb9c91b5b8e307007738abda7bc164ad7004a1d1d91ed91b6a4b13838400f201058824771ce2b9f13954478ccc1d483bb380013d063a0ce4e33cf35a535e457a7cdbbdb756ed0883cd9b8642a0e18647008e07345c0a7acc2d6fa9cd6822c3c12189d4b6e653b98608e3e618c647a5686837b6ba7eac6eee5193ca2d2168f70724eec30da49dc03704703033d4d47af47f6dd417513b0cb72373b8c921902a64e47248da4fd4fa545a4aab4b6a893c665901888f3f6222b10021724100753fe0053b88d0d56e2d9ee1ed9a3b8b89d1dcb4d1a29565396019bf8f1d8f1d4fa629b2cb793ddea37573066496d59228a14e1036d6181d7a72075ad2bc974db2d3ce93676910b932e249830658c7cc14f048618c9c8f634d6b5df6f04e534c866bb7cc53658831e1c02dbb206e3c7ae47b1a18cc5bf8ee1d99cc6de536063aef24601e3a8e79c1e324638aad2bdc249108e7dcf1ae77447b76cedee071cf3f8d5bd6dad64bd68ad9996df8552bc870b8c06c705b1c9e9fad53b77b729e6c57089264bedf9416523071d7d01c76ec334801e293c8214858c02766e2b903240f7cfa9f4f4c55bd360170d13f993bc59048d84ece3b638e79f4feb51c91db80ff00b95421805607a81e8738c707d3afe15afa758adacff6878db723fee831c038e0395cf51938ef401aeb25b5adac96fb625593f76d1e4a82a7fbbedd89ed9f6a84fd96e2d8b2449e41645fb2f47b96c3316c807e551c16c7cdc6700d656a655e71670ab1c02f3293b30bd9719fbed9e9d76fd6ac3dac135a33ef89190ee22384331c9ce18e38c938cf2063b668404825b8bcfb5c115cdbc56a25f9beccbf2150bb76a8ea3af4ce063a6714be1db4862f15c914519f26344e776e0085e4027af6aa635111b6123448480636538c0cf5c7ebd7157bc00e6f35bba9ceec8203679c9c6391f8535b81e9f0279b6e8eb180a39eb918aeafc3d6aa25690a6720155ff80e2b1f4ab32f0970c0861c6ce47a0fc6ba8d193c987739e474c8c1c7e356868d707ca854c60838c8f7ff003d6a94d2b3925f716c11851c0f71e95665902460b92140e31cfd6b367df238113e55b81818071de9945479fecd2148d48e7e7f948278fd6a717464f9d8659c6401e9fe7355353f931bb32375c8fe226aac1218a2790c8405e0065069121a89567f2dcfccc705b1923dbdead5e3436360a8400d8c1e3afa838eff00e158c97a23bc6b82e1b6fdc403018fbd65dfdd5fdfccc667daa391183fe7148445ab788a482de542db635e1f6af43db15c51b2f11f8b2ec794ed656cedf2cd8c330f61e9efef5bfaafd904b12b10c80ee604706b41fc536d6f0ac5188d48fbcc7d7fa5202cf82fc2561e158647965f30c8df3b3bfef1db183f863f9d3bc45acc97b70ba7e9e989256db0c39ea7d4fb0eb5cbeafe3169ae059d9a4b777f282228631b8b139eddba5769f0ff00c2f71611b6a5aab2cfa8ce8030077084633b14fafa9ef4ef702fd8e831d968f1daaa0756c991cffcb473f78fbff915e2de3db38f40d7a495540b69a4dc57a02c3fce7eb5f480b7648a3691709b7032320d79afc65f0f1bcd23ed31c664688f980edea4751cfb714490da3c4de08a656972e64604a18c16cb11fc5e80609279ebefc2db5cc691a8023084962221f7b2381b860e07ddfa741c5482f6ce0d3e246f2f0032601c9ea0e48f42091516912e9ef6f3c10c6d1c91f30b6ecab92dd0e474c103d47a8352b5243528252b0485021920597ca527e5438e71f8e01f4e315a7e0ed6e5d362bcd22deded668f5540bb2e13e642a4ec391ce304e4118e991c564191ed94307568bf7883afdc231b391d89071ed535935be9da941757a6e5de202448d085539193b8f5dbc83f29cf268433e81f805e3db5d07c45ff0008bea374ed65a848a63b9954002e085541c1da119400319190beb5f4aad7e7fea1a95add3c6f3c90c50aa8f25a3cb2b0079049c12c703e7e3a633c64fd67fb3ffc4183c6de1a92da69836a9a66d8ae33d658fa24b8ebce083ee3deb48be808f4f534a073d69aa78a70ab18ece2979ee69a3af34efa500267b628e07a51dbde803ad001de8a292800c8cf349ef9a3eb4b8140c69cd34e71d29e73cd3188028111bfbd42f533722a16c628020928a24f53452b01a49eb4e1c5317a53fda980f1d39a71a603d8d389a007ae7f5a56c75ee2917eb49400e1b8f149fc5403dce694104d0313760f5cd0dcf4a4e32697f0a0437b51da83450031ba57cbff00b686a6d2eb9a0e8de61f221b67b975033f3bb6c04fe0a71f8d7d40f9e6be53fdafbc45a5de78a6db43b7d3233a869b1a1b8bd23e7c49f3244beabdc93dc803bd4c9d9033c23fd25c48b1dc3a1520957070cc0638038c8078eff4cd472431aea70c4818a846672c7a28ce5b0390d804e09ea475aa692bc8d29122444b1e3763f88638c67b1e7357edd2de2b23b5f75c4ca1a466203264740b83b81cf273f4e95892755358d9b7d8f4eb6d3228754990c47cddf6e55b8911d97b02a49327ddfbd8e95cb5f4ad3084018862895554beee9e870383bb77e38abd25eb258cec6767f22d16ca22ee582a4b23061bbaed0a0f7fe222b2679b75bf988e30cdbb707c329fbc72be9d3eb8a2e80a4f1ba4ed95f2d82796c1b1d3d3dba0a544859003e528505b2a73c75c927b8fd292d446618c333798434930c646dc743ce7d09feb5240c5dc0c190aa26e0c739c751f41d71dfe829015c4ac312b10480770c1c64e3e5007a8feb52f96b1c8d3a3480e380870a3dbdc7f934dccdb94842ac13682cbb768c63907033cf5a9642f139594b2945523690539c60e7b82338c67d681913cf2bc4b0b6c7080aa809f38ee47b28e4d59b44821d1bcd9e27905c48d8db8cfca40520f5c67f3c8aa50a892e0451b046c7058e793d074e7b56abdc0974af2e4922f3229a576c2638f6f4ce28033dca148b13160065c0cfcd9f43f874a4886dcbb963c70303b9c1e3e9cf1cf4a182bc11ec90b48a70cbb71b40ee4faff00414ab85182b893713b48ea33df34ee04d1b3b4a8902cad23104051b9b39e00f7ea78ab5299cb7d8ccdf6842b8ca2b70082fd0e3d1b008e6aae953c514f379d6a2691e3611ed9195a297f81d71ce54f63f8d6b59c5a734690b35d35c2b23432db60ae3801769393ce7383c0fad0058fed2b9bcd32e6ee28508b49a295cec1b58b829c83dbe5031ec4d53d36196f6e2d6d6151ba7223551b401ce30c49c63dfd303bd6c6956b6b1699a8485dae165b3064c9c6d293271b7b7058fd2b0eda6f28c2919972a49721b1860480dc63030064123bf4a00e9b5768b4f82db4dbef22eeee1129748a3db86932c36302300119e307afad616a2f7726976333f92235778ad951402086049ce3fdae3e87a5493b46d6724b71a7ce4dcca7ecc523544930c0ba607700e78c90001d2975216aba2d944155e6daf23ec94fc84a823e9c648ff74d0067c0caeb1db4a4aa13cb2a9623d405fa0fc714ccbabe4afde6198c805b007a7a738f7ab50cd05b1919a17d8ca0c6ac83128e7e62a7be460e3a7356eeaded252f2c3340dba2c0585777471b8f41b88c8e78ff00100a714929f31cb6e0c721635c02338c7e1faf3eb5b1677b752411831379837042400aa473b89cf6ee47a5665a7976a36eedcac773601dc02b9e3278193e9574cf08b036c518b316f3379fa1000ed9c67e8050068590b38ad6efedf33cf7771b6590a47fea9864ed07f224f51cf614b6b6d770d91bf49e4f2bcc293281cae4673f88fe554b4630c934f2b1f9895c1ce1864ff091d18ff2eb5a7ac5a5cdad88b98e22115d5c2c8aa439039e09c9e476e0f5f6a00c299a1b8b607042c6e7248e580e00cf7c61bf3aebbe14d83496667705659a5055464fc8071f9e7f4ae474eb4b8bfbe3042aeeb212e4e3700bfc4c0fe3fad7bc7c28d1a3482164876471a84c383d47afb5524163a5d3b4d923b608a0956e19471f4c55ad92adcc7e74984239ff0067eb5befe544b8574d992558b70bd883e9eb9acabb914cbb59be5e4119ce3156515ae26758b2b2019e307bfb834c8ce620c49ebce4f41d734c50925c88c02467824e40f6f5ff003f5a6ea72fd990aa64330e3e9ed40ca1a849f689f644d8272371e41ff0acfd42ee1b74f2e2505bf2e2acc8a6384c848f989ce00cf6eb5cceb731f3f03839cf3fe7eb4989925cea2a49fddaf1c9181c8f5ac3d635e8e0b7cfdc1c801bbfb7be2a96bbae5ad95b3cf75280aab9ebc91db03d6b8f16da878927324a24b2b4dbf293c349d81e7a54dc919a9f890b4f24632cec3e455e4b1cfa7d299a7e87e26d7af14796da7db1396966eb8f61f95757e1ed034bb0b98c45005775e6424b31f727b678aec609228a322dd42af3c0fe9ef458083c1be1ed3f41454b7836be3e799865dcf5393d467d3a57a668ff00669230140195dcc0720f5e9e95c3dadc20c83b594f7cf4f7fad6a68979e4cb9f318267a9f527fad5203b365523c9908915c8233919cf39ac9f125b24f68f6c101ddc8c0e3fc31fe157e09e27b759163002e76e0fddf6a9a6f2e7b5cdc61db000f6f4a63b9f2278ff0045b8d17c492dbaa0104e4c8819370009e47e78e9cd4e2c46857b75a6c9736f71119445348b192b2107901b1b86d20f03ae39af68f891e158b55b2f3628627b881fcc4f3467763a647a578aeaf2ff00a4a891b0e0bacd2088f98cdcee566eac73dcf41c8359dac21d7f028d2f74421836060242195ce0f0304ffb4326b1f5292e678ed627757555dbd36943d327d464801bf9568db4ca913809205f3085677e8857703cf42081c77cfbd663194e9505d3cb249b1fe641c1c1e385ce79c81c1f63d28ea05990ccb0ca05bc71931860f203e611fecff77a1ebeb8f7ad8f0078bf58f0978b2d75bd3245592ddcac9029f9248c925a23fec9ec4e70718e82a9788a4486e9de158b2122488962c130bc95079231d1bb75c722ab582f9da746b0cf134b2e4ec661c3648dcc49e4f3c720f3ef4c5d4fd06f0aeb561e22f0ed8eb9a6c85ed2fa159a23dc03d41f70720fb8ad506be79fd927c6b15cdbdc783a67c34517da6cc636820604aa3f121b8f527b9c7d0a87278ad53ba290f07269c7a734d5ebd29c0e3ad301075a71a4ef914879a0033ed40a01a6ee19a005c7514a3a527141e940c47cd31beed38d35c5021878a89c5487351bf228020979e28a6c9eb4500692d3ea38db229f9f4a002362e5c18d976b6016fe2e3a8f6a93bd34034e02801e293383c51f4a3bd003f8028c7a75a41cf14bf74e2818807734127b1a507269a680118e29b924e334ec76229a460d003641c715f11fed6715cafc63d5a494029f67b678703076ec1c67d786f5afb71c8c57c6ff00b6259adafc545b98a6265bbd3609705490854b20391f4cf4ee6a27b099e24cf22cc8d2623644dabb9081b41c838efcf6f6ab56bfbf99a59c11e61566cf0486e30001d32062a8890c6c7cb72d81b46e8890b83d81e99cb0f6fc6b4748324d981228cbcd2bee2d8076a00c4927850003cfa8e73d2b1422f5c4acbe1dfb13c70a9bc9379c7ca408890b91dc6e6723fdd15cfde088db2c71c601563f74939c9f7ed5a9aa5c2cefb8c463b6f242471dbb9611a0ed93ea7924e3b9c7359172f24926e652a9d3e51c138fcb3814016176a831404095832a953823208fc41f6a8bcd59a18bcc07cc04b1240cb2e380476f6fa7ad36369c44099711918280918c76fae2b4638122309d59c7d9bcd62624742f904654b03941f30249e067a1e68033a32fe43c6675543190db4960a720e0f404ff00854d796f756177e4deabbdc71ba2954875507e5f94f00edc600cf0456e4fe1d48e78e1b88eea27cb4cf1471878843c15604fde183f78919c8e83349ab5aea5ab5eadf7913df5b4a7ece9208d4bb18e35c92507040c7af181934011f85e1b5ba9ae927b6b6b894c8b3a65266936c6ad23a829c60aa9073cf21874c553bad3974f80b5cab4374f323c56d90c9240e8584ab20273865da7d4f5e78a9acaef58b6b19e2b7baba8ad2e8805158146c109900f2594120630475e9525f4b1dce9505dc8e96c90dc35bac7611058c0d892f98573c163c155c0dc33eb4c0cedaab6827216491c642a827d39383c119e9ef4bb24109b805f6c9f26ecfde6c64fd5bdb3ce2b525b78adededdaf45e42d1398eea2544455951f0c01cf5da4127079aa57f125bc71db1123c909e77b808b8dbd003d4faf7c1eb934580dfb38acb4b52275927b5772de62c58fb5c4c410186ff00976e0f18fbdc64f5aca856e229992d5de4816568d7cb4c338d983923d171c1f5ad4d3258359b9bf2b0c713401a782de1620449bb95da39dbcf404919fc6a988cc73a2c3cb11e7201f212a08e983f7b818f5e69ee059d2cbbdacfbd82ecb391b240e46e38523df00562dbab4bbc34822777099df80475e71d7b7538ada8207b8f0c6a57e4b22abc76e06d015d99998fb8c0c7238cd63c92c2d2b1f2111dfeea22853ce0852dfc877c738e01406b43796b6314c26806f8d9a150e3cc2c32096524e15ba7ce3d7918a96cbec4e861bc096c810bc5146d932e0fdd52465493939271cf438ac4912468a28ced7258c68e577679038cf7049e7ae7f0ad2b848fedf2471b0f93955d8090dd318e72b9e79a008079316a1323ed743132e554ec008c2919ce3af5fcaa916786585d65610f2a1d24619520647a74fcff000abf2b4df698e79238e3745f2f19203051c1f4f5e7a71db151c8cf246b6c96f1ba6fcc6ae496cf1c0039e72324fa0e7ad0049a67951c7e44ccdb220c936cebd7851fef1dbcfd69d0ea1f68611b410b5c4ac77918cb127200f4f4c7b554bd905bb259c2a7e46cbb0ebbfa1fc31c7e26974db9fb2cb1dd952db5c6633c820fde071ce3bfd45006c5d58bda5b2b856449d94c2c32015c9c839e060f19e4fe74aab733bd9c704ad2488802c6b9043e7183e87a1209c75e6b52e7515bef205aa9266b8f908889248c8ebd48ed8e99f6aecbc25e11cdc1be9a341712f40a372c59ea07ab13d4fbd095c07fc37f0948adb028699fe691f3f7547607d2bd92ced574cb5558c2a6cc051b39271dfb7e7547c37a545a5d946eea04af92dce4a803ff00d7f9d5fb80cf87da15481f293d17b67f3fad688690b295971f2e4c9d41e067bfb63f5e959d701a3997cc1b02fccc31cfe35a211c210c995e992dc74fd734d166d731bb36e2a1092c4e381eb4ca326374577907978da4a81dfdbdab36fe6f31d9b79c93c64f4ad1bb8ecadb20b05618279ac3d56f235999012c23c6d0c38f7a4c4cad712158cb6fe36e48fc3ffd55c0f8db5c4b189a5dc1a41c22839cf7cfd2af78c3c516d6703471b6f9dbee229193ff00d6af27bcbc9af6579a5dc6ea5ced45e76af5da31dbd47e350d8ae41717f2deea893ea2f90adb914afcb9fc2bafd3b5822343110cc7d40fbddb3ef5c86a0524b7876fdd55f99c839041ebf99eb55ad6fa4b79234700ed6ca903af4fd29127a5d95d1d9f31628dcb7240fc2b4b4abf7256dd9db6a83b463e6f4e3dab88b2d56536dbf6aba81b49ddfd2b574dbc99f6dd2281b31d39619e94ee33d3b4f22ea03b23fde2f047622af5a4d19631bfde230ac470a3fcf6ae4749d6779629fbb21be78f3c93ea3d8d6ec138799a4dc0a70adb464d581d9595c3411a90e3686f9d03723d31f875ad7f351e3f355c040403c76feb5ca585c32c8923b6e5e32700e3eb9ad18ee4c7325ba1c4721f909191effe4ff4a63b976f8c4257dc719e32dd4fa7f8d789fc58f0e476ba8c7ad411a18836dba8d978dbc8ddef8ce7fc6bdb1ff76e6300310005c9e594f3cd73de29b08af34e922112ed7e368ebf852623c0753fb34c5e58ae5e779a30e4ba6d943ee1cb6d1870790181ce01c81c561dc045b68e08f2a15981463f2a8231d4f38ce3d871cd6deb76573a5de4d64b10c1ff0054cbc1280f5ff7b239e7d3deb3f500184b34b327ccec24450a8c46eebd3b8391803a1f4a8ea06440ce604cc923c7bc6e1b9be6278e47ad6ade422dd121525415dd2aa608f4c818cf4ff22a979d9c3ed02262a58a9c63048dfb47f11c55ed47ecf1df82f16e8e244cefcb7cbcf1f8fafd68b81b3f0d3599fc3be3ad2b5db30af25b5da86524a974ddb5c71d72a49e6befd8245923592360c8e03291dc1e41fcabf3c2fb4a962d391ac2e0c91846795648f63443381cfde3919c01c63ad7da3f017c5567e26f875a608a7792f2c2da2b6bb0eb83bc20f987aa9ec7d8d690ec08f45078a507f1a8d4f14f15631dd69293934bd0fad002f6a4fd69491e94c3f7bd28180ebcd29c520ce6933f950004d23671c52375e28ed400d20639a8a4152375f6a8dfa75a422090645143e68a605b5ce722a65624f4a8d7a714a3839a009d69c062a3539e94f06801c3d6947ad264519c62801fd691892781c52038e947e540003ebc500803079a4ce78ef4679a003ebcd237d714a4f1d69add280192631d7a57c63fb5b6adfda1f17a5b131941a6da456e8c588dd953231c7a02dd6becd73f29ef5f05fc6ff3ae7e32f8a4cec26897507fdeefca6c3b42e4e33c64ae07a71513d80f3a92497e5f982638da57eee3b91f5e7f956943719d3a1d3e1b7856e2548da59829f30ed3f2c5e8074638fbc4f3d3155dac1d6475f299bcb6116fdad80d9ed919e7ae3ad5fb5f0aeb0024d7765736f6e72a48819e4661ced541f312793d06403e9592422a42ee233b1d40236fcd83b948e48fa75e7d6a38522051cc998c0f98939e7a9e0721715d6dc785a5b3d296499ade28bcbc362657323b024703eebf1801b8ca9e720d3b48d374ab5d4625d57487b98f7aa6e497747f291bb70ce4e72304e47268b01369de19feccbeb17beb14b9926b57bb2022c91a47f328c9ce3231b8f53f28c67359af696d25c48852dd6cad62595bce6da30a42ba928391b9c91ebcf15e99e21874ed45f52d0ae35286da791d668a4126104451cb26d3c82ac8c8ca39236f615ca278725b8bf8f514b6860b516af3436f7d2032ac485428c9fbbb8b9278e381d8d55809753b21e15865f2ef8ea578bb6c980086d9d648806231ca864298048db81d6b9049b54b50d3d8cad10598b09a2277962815b207006095e4f6f6ad4d4a582511c4f24d6ecf1c30b042acb27c8df3ed1d4fca83239ce33824d654f6e63b07548e56f3373c6638ced625b1cfae072bc63e7078e69302924313594d812c6e58b472320c05c630a79c0e4f20f1b49cf637ac34c96d2cdf5bbab712dab5c462188b009311b58860bd303038c673f8532e9a2b9d3de58edda18170a8acdbb6b8241620fae7000eb863ce056845146fe08b54300e2ff794932bb8955607193c3741ec33424051d53519af6cad80b4289e6bb348a19159c91bf271f370501fa03835937d2cb30898952a144600cf0013b727e800fcab5756985c69765616f01b74810c9781c9cfda4b6d91b3d718118e3d07ad642c60ba6d8dcf2c1c0933ec300723033541b1ade11bdb8b0d4df578a66b730db6640b6ad2878f1b4860a4000e464f62056a4d6f663ec70002779333cf205c863bc80b9e3e5c93c7e55cfc7617b369f26a10db4cb6093159254cb221ea1588e99eb9381c7e35b1a5dbc9a969b3dd473046d3ed87961a5f93767e50a1b803ef103d41c75a00935a6b8b6d144680ff0066c933b5bc3925772f7c1e73c0efd315cfc71cfe704db95236950990411dbdfdc7a56f78a65b88751fece78a1816dbf72214c148c10189cf19240072456130b9fb3c2114eeb86668dc6474f94807bf7181d39a56d00d3d36ca55b9ba9b204365179ced8c659be500fd0923df19155a721e40ac42ab9719704b16ea79e807231fd6b57479e1b1f08eb3707892f2e60b48918f25555a46c1ff00be3dbe615972aca9e6402f51823aef971bb0173f3606723071c7e3daa40ac1d5a590fcc3e707783827a9c0cf4ad1d2e69222b79b2289addf7c6caaa4a37f08c1e07ebd4fa55399234c088a20ce446e324f3d4718ec0fb73e952df46d1db45028c965f3a61f7429e8b903a60127af1b80a00a73232b82c240ac4956620e4e064e47b9cd5ed0f4dbad42f7c8b38049f361a553851efcf4e3d7ad548bcc570c4c602b06c81f4c63f1ea31f9d7b1fecf5a5d85cd95eccea0ca2e02c8a79e0a823071cd095c0bbe07f0635a5c452984c9328c21032147a0f7c7535eb3a368f15ada799c49330c6d3c119f41df8e7357d6dd60cc691ec5da7715e320fe9fd69f0a4b1a3465c84207439e3af3f424febd6b54ac5588e58c2b046f9b60c9dbf3751dbd734a96f9e4c9b646209c907f127b0a99b28e180da98c0f46159d7ba85b42e32546460c6a7ad006af963c98f7a6d523e4d83ef1f5c9ed9e3d6b075dd5a38e065222dc06d5da3007ff005fdea95e6bf2c8bb11408cfcbb48fcb35ce6a32b4f2296938524163d3ebfe7ff00d69b0229af37ceef230eb9c92062b81f881e2636b00b6b794bddb13b571cfb9f5c0abfe34d7adf4db76915f7cdb08541d5cf418af2596ea4bbb996f2e2495e72e36b06e5173fc209ed861f8e6a1b25905c9f3a792696e3cc79031cbf04e0f7f4c74c0a80cccb379b1b857cf0518a15f71e9ffd7a7dc4f1091bcb2aaa5b72827233b7d7af273c8aac002bf2c8a0f390dcfd793ef9a4068cb2452cab205c0ce3e66ea3d70472704553bc8a4690c2ff00232b70a7b679fcb914f7531da2347728650701429ca8c654e4f19cf03af4a8e4955df71ccadd0163bb77e7f8f279a005d32e1ad59a2981c601651d48ff0038aeb2ca628127b76dae46010c324fd2b96ba861995216755948dc5988015b8e7f2ff39aab15edd58dc346f2636b10db3a11d0f4fe9eb46c23d2f4c9b74f13cf1042c786c053ec4d75d6656388cca77295e411cafe1ebfe15e4767af23aaae0330e70e7af35da685ab8545134920dca099307278e01aa4c677505d32b30da48620f1deba4b2b969ec42e50b403201ee0fb7ad717a65ec2e8924c8c41032e8fd07afa66b6f4b9621289ad9d0e0038ce19477aa03a98e48e4b447c0e57a77273d0d41ab2944caba06c601033c552b3977db7c8c5580e4631806a4d4a604838f95b83b78e07181401e55f14f4a96e6ca4b8b68dccd0032e02e4918e47b71cd79cea412e6fa6de1fcaf95b00060a0c60f03dc678f5e7b57ba6b2311347c2175f98139c73cfe95e0faf69f1d8eab79a7eedb1412ef4257202bfbfa6401e951240568e169d520891518904b29c762093cfe38fad3ae1a69e68d8452824f928e8e0e1ba8393dc81c03efcd49a6c918b97ca857f25b1bd4fca76b0dd9ebd727ebed577c31640f85eeb5596095e7471b5e597cb894840cc48382cf862011c704019a560b0b770f91a5c9335d849638e3748955b7a9752cc14f65001393d4f6af54fd973c671e89e31b2b1bb90a5aeaead62cc4602cbbb311c7619cae7fdaaf3bbb61258deb4909b7dd1a471432a96c038da165ce58e46437520fcd8c5645b2ccfe2192db4b8677b981bf72613cac91f2ac7fd9c8049e9d6a93b303f46876fad4aa4d73fe05d64f883c21a56b4c54bdddaa4926c6caefc61f1ff000206b794f3dab619250323de99b86694127fc2801c7eb4d27d734bf43484d00231e68c9a1b9fff005d03a5031bc9a28271d05213de8108fdea16e466a5627a544fe829010bfa514929c668a605d4231c1e29e05145003b38f6a7839c514500283cd2d1450019a33ec68a28630cfb5216c5145020ddc5358fb5145003738231d88af8ef50d3bc207c55ad3be95a9cb6de6b4eb05b4e2358d7710526ca9666dc4be01dd8fbbc8e4a2a64072579673da2fdbed6cee2c0a6e78cdbc82444391b543337cd81c9c9dc7702715d4f84f518358b1d32ccc4975792b36d955846f198d098f39eb86c907a8c90720d14565d448ad716cf169b258cba35c586af60cdbccf0f9d6f701c97dde660818e1b69c82578c1cd731af8b1bf7b53a32db24f142f34d206f2d159400eabbf24fcd920938c363b0a28a721a37742d6d5eea7b1bbb39ad984225bf9949c79d18c967651bbe40ac028208f51cd5ff164889a926a5a7ce6f16ce386e6e1880cf10dc5635da3ef019db81c60824679a28a108e5b5168c5accd6eb20b6b8f266b7648c319177e1f0472bb9c11cf3c807ae6b0f5fb3bab2ba8f4eb965b29962469e58f2c111be6f5cab0076903baf1d68a2a40ab1b5a08161f3604890b07d9b9c37c80ed231bba85e46003c569697bae34dd56391de28d204bb442b90cc254409cf007cd907ae463a1345145ec08a925e41069d1db59191a7b905ef666203b48aec76ab75009da727a9ace458b6c31166d8082eea482c7d7d3f3fd28a2ab984ceae1bbd166d6b49d3f461aaddd85aabc5730cec88f228dcdb1994fcc9cb000f62477e31e1d0e296eedd20bc967b39ff7a648a0c944562640c87f8d307eb80475a28a63651d49f75ccf30bb92e4236c8d66182e01e0e0e7b76edd29b3c92cf1d9c72ecdd122dbc25542ee50df79fd0f272475c64d145008d230dcdae890acecb9679142aa8c0daca9907bf4ebcf18ed59b2c918593ca796dd5c1e0f248e3838c0ea3bfe54514981634ef29e4fb45e31f260daedf2eef900c052a3b93c7e39f5a883acf2bcd2e5a671e6333b0c02482c003ec318e7d68a2a402478b0ce182bf9872a79200008c1e9d38ff0aef3e066b72e97e296b169425aea49e4b213f34728e5060f63c8cfbd1450b703e91d3de568f7b487230037707b8fad593299d5d5b74831b549272147207e5cd1456a8a2a5fdd4888c09650a46474c63d7f31ebfceb97d433f6a2fb03b331ed8e7b8a28a00cf79241bf8396e9dfdff1ebfe15ccf8b3538f4cb66333aafca4819c8f5c7d68a2a7a08f1ad62f66d52e2e6ee46202e123461c95271c7b8c7d706b304f3ae12363f29073d38c6063f97145150223f35d9f05245c1ca15e40c74c5421dc10a88fb871b7696ce7b918fd314514980f473b046616507396e57248cf53dfe95135c0924327de2460739183dbd41a28a042160d08049e01e7033f97e7fa525c39687170db8a9c02739e7ae3dbebd28a280ea54c4b049f75931d491d8f4addd2f536578c33150bc9218e00f4c514556cd947a0787b5403fd12620c72118651ce7dfdb15b49e75b49f69b69b6b039420f07df3dbafeb4515423a3f0f6b8d78c2396402e01249c637f1fceb55dbf78c76f46c26eec3d68a29818f301f6d0a70548279181efd7b7b5793fc4cf21bc4924713189c4223200dc0ae0b7200ceec7e54515320672b6eee65f2e18d0adc47229f314ff0074819f5193d31dc54fe1dbb8a2b036d3dc3c0f20f97cd51b0a3f0c377f0648c838ebe9d68a2a56e08ea359b4ba780e9dfda726e40a658562244cfb46c65ce14a01f77675ce48cf3589e1abd86d7c43a94b7064c307506390228e54312c3a80072bdc1ed4514dee07d4ff00b28f887ed7e17d47c36de587d2ee9e48557700b04ac4aafcdd707247b119c57b6827a1a28ad90c764d381a28a601bb1499cd145002134a0f1c5145002678ed4bb4919e83de8a2802363ce3a542c48279cd145004321ce68a28a00fffd9, 1);
INSERT INTO `master` (`master_id`, `artist_id`, `title`, `release_day`, `release_month`, `release_year`, `image_url`, `image_data`, `genre_id`) VALUES
(4, 6, 'Slowhand', 0, 1, 1977, 'http://cdn.discogs.com/GrRmgv16zI0fv2gtaGWKDREftqI=/fit-in/600x600/filters:strip_icc():format(jpeg):mode_rgb():quality(96)/discogs-images/R-1941000-1283953619.jpeg.jpg', NULL, 1),
(18, 3, 'Jazz ist anders', 0, 0, 2007, 'http://cdn.discogs.com/vszC4OVaEgb0sKXBiDJZ4dJb5zI=/fit-in/500x500/filters:strip_icc():format(jpeg):mode_rgb():quality(96)/discogs-images/R-1124530-1194001471.jpeg.jpg', NULL, 1),
(20, 3, 'auch', 13, 4, 2012, 'http://ecx.images-amazon.com/images/I/61DJtwUQEZL.jpg', NULL, 1),
(21, 7, 'A Guide To Love, Loss And Desperation', 0, 0, 2007, 'http://cdn.discogs.com/wG8GTkga6Q55qTpa8Q3OyXHPURE=/fit-in/580x580/filters:strip_icc():format(jpeg):mode_rgb():quality(96)/discogs-images/R-1135985-1195052535.jpeg.jpg', NULL, 1),
(23, 9, 'Perfect Strangers', 29, 10, 1984, 'http://upload.wikimedia.org/wikipedia/en/5/54/Perfect_Strangers_(Deep_Purple_album_-_cover_art).jpg', NULL, 1),
(24, 11, 'The New Classic', 0, 0, 2014, 'http://cdn.discogs.com/irvGjJsEnEAbZIcn51bJPC0N5t8=/fit-in/600x598/filters:strip_icc():format(jpeg):mode_rgb():quality(96)/discogs-images/R-5900606-1411856689-4748.jpeg.jpg', NULL, 3),
(25, 9, 'In Rock', 0, 6, 1970, 'http://cdn.discogs.com/Beol1RdnKSVGg-a_e_Y0WUIVHFQ=/fit-in/600x600/filters:strip_icc():format(jpeg):mode_rgb():quality(96)/discogs-images/R-1849291-1340887670-6848.jpeg.jpg', NULL, 1),
(26, 9, 'Made in Japan', 0, 0, 1972, 'http://cdn.discogs.com/5MuQpV-FGyQTrUM5rIdQ3-_7ktY=/fit-in/600x595/filters:strip_icc():format(jpeg):mode_rgb():quality(96)/discogs-images/R-2383006-1280802812.jpeg.jpg', NULL, 1),
(27, 7, 'This Modern Glitch', 0, 0, 2011, 'http://cdn.discogs.com/HKwyzEGQ9WxGa2dN862DcLXpx4o=/fit-in/600x601/filters:strip_icc():format(jpeg):mode_rgb():quality(96)/discogs-images/R-2852703-1310286779.jpeg.jpg', NULL, 1),
(28, 12, 'For Your Pleasure', 0, 0, 1973, 'http://cdn.discogs.com/DaqCGnQSU1oB6x9eRnhSQR-wNnI=/fit-in/414x414/filters:strip_icc():format(jpeg):mode_rgb():quality(96)/discogs-images/R-1743667-1296985023.jpeg.jpg', NULL, 1),
(29, 13, 'El Pintor', 0, 0, 2014, 'http://cdn.discogs.com/y6scP8eXiLkgkEJe2clBmDl26t8=/fit-in/300x300/filters:strip_icc():format(jpeg):mode_rgb()/discogs-images/R-6058798-1410009758-4833.jpeg.jpg', NULL, 1),
(30, 14, 'Warpaint', 0, 0, 2014, 'http://cdn.discogs.com/OePenmdCd5UwZi5aTcNt6S3N_0k=/fit-in/600x596/filters:strip_icc():format(jpeg):mode_rgb():quality(96)/discogs-images/R-5295658-1392102240-9860.jpeg.jpg', NULL, 1),
(31, 15, 'Bat Out Of Hell', 0, 0, 1977, 'http://cdn.discogs.com/DhRdY2Jk1VENirFi80zvOet5fo4=/fit-in/599x600/filters:strip_icc():format(jpeg):mode_rgb():quality(96)/discogs-images/R-1765376-1323036806.png.jpg', NULL, 1),
(32, 16, 'Rumours', 0, 0, 1977, 'http://cdn.discogs.com/F-o_QIL9Y9sr9ocNFULsxhIgVtE=/fit-in/600x583/filters:strip_icc():format(jpeg):mode_rgb():quality(96)/discogs-images/R-3327598-1325944671.jpeg.jpg', NULL, 1),
(33, 17, 'The Dark Side Of The Moon', 24, 3, 1973, 'http://cdn.discogs.com/7QSZezrdnp9KQxe41LIiW55BB9k=/fit-in/600x583/filters:strip_icc():format(jpeg):mode_rgb():quality(96)/discogs-images/R-1873013-1250209127.jpeg.jpg', NULL, 1),
(42, 23, 'Beatsteaks', 0, 0, 2014, 'http://kofmehl.net/wp-content/uploads/2014/08/beatsteaks-albumcover1.jpg', NULL, 1),
(43, 23, 'Boombox', 0, 0, 2011, 'http://www.104.6rtl.com/sites/default/files/beatsteaks-boombox-cover_0.jpg', NULL, 1),
(44, 18, 'American Idiot', 21, 9, 2004, 'http://upload.wikimedia.org/wikipedia/en/2/2b/Green_Day_-_American_Idiot_cover.jpg', NULL, 1),
(45, 19, 'A Beautiful Lie', 31, 8, 2005, 'http://upload.wikimedia.org/wikipedia/en/2/27/A_beautiful_lie.jpg', NULL, 1),
(46, 19, 'This is War', 0, 12, 2009, 'http://ecx.images-amazon.com/images/I/612lL5SqL9L.jpg', NULL, 1),
(47, 20, 'Echoes, Silence, Patience & Grace', 25, 9, 2007, 'http://cdn.discogs.com/--qnlUmEw1BPGUfiWOFB1IP-55Q=/fit-in/468x468/filters:strip_icc():format(jpeg):mode_rgb():quality(96)/discogs-images/R-1333510-1379385620-3139.jpeg.jpg', NULL, 1),
(48, 21, 'Greatest Hits', 0, 0, 1986, 'http://upload.wikimedia.org/wikipedia/en/thumb/9/92/QueenGH2011.jpg/220px-QueenGH2011.jpg', NULL, 1),
(49, 22, 'United We Are', 23, 1, 2015, 'http://upload.wikimedia.org/wikipedia/de/thumb/f/f9/Hardwell_-_United_We_Are.png/600px-Hardwell_-_United_We_Are.png', NULL, 7);

-- --------------------------------------------------------

--
-- Tabellenstruktur für Tabelle `master_subgenre`
--

CREATE TABLE IF NOT EXISTS `master_subgenre` (
`master_subg_id` int(11) NOT NULL,
  `master_id` int(11) NOT NULL,
  `subgenre_id` int(11) NOT NULL
) ENGINE=InnoDB AUTO_INCREMENT=25 DEFAULT CHARSET=latin1 COLLATE=latin1_general_ci;

--
-- Daten für Tabelle `master_subgenre`
--

INSERT INTO `master_subgenre` (`master_subg_id`, `master_id`, `subgenre_id`) VALUES
(1, 1, 1),
(2, 1, 2),
(3, 20, 3),
(4, 20, 5),
(5, 21, 6),
(7, 23, 15),
(8, 24, 25),
(9, 25, 15),
(10, 26, 15),
(11, 27, 1),
(12, 27, 6),
(13, 29, 1),
(14, 29, 6),
(15, 30, 6),
(16, 31, 5),
(17, 32, 5),
(18, 33, 4),
(19, 43, 1),
(20, 44, 3),
(21, 45, 1),
(22, 46, 1),
(23, 47, 1),
(24, 49, 26);

-- --------------------------------------------------------

--
-- Tabellenstruktur für Tabelle `release`
--

CREATE TABLE IF NOT EXISTS `release` (
`release_id` int(11) NOT NULL,
  `master_id` int(11) NOT NULL,
  `label_id` int(11) NOT NULL,
  `format_id` int(11) NOT NULL,
  `release_day` int(11) NOT NULL,
  `release_month` int(11) NOT NULL,
  `release_year` int(11) NOT NULL,
  `catalog_no` varchar(50) COLLATE latin1_general_ci NOT NULL,
  `label_code` varchar(8) COLLATE latin1_general_ci NOT NULL,
  `barcode` varchar(30) COLLATE latin1_general_ci NOT NULL,
  `comment` text COLLATE latin1_general_ci NOT NULL
) ENGINE=InnoDB AUTO_INCREMENT=34 DEFAULT CHARSET=latin1 COLLATE=latin1_general_ci;

--
-- Daten für Tabelle `release`
--

INSERT INTO `release` (`release_id`, `master_id`, `label_id`, `format_id`, `release_day`, `release_month`, `release_year`, `catalog_no`, `label_code`, `barcode`, `comment`) VALUES
(2, 1, 1, 1, 25, 8, 2014, '825646278541', 'LC14666', '825646278541', 'inkl. Downloadcode'),
(5, 20, 2, 2, 13, 4, 2012, '930 0657 9', 'LC-01515', '67890', 'CD kommt in einem Pappkarton. Das "Booklet" kann zu einem großen Spielplan auseinander gefaltet werden, auf dem dann mit  der CD "Flaschendrehen" gespielt werden kann. Mit vielen lustigen Aufgaben und drei Kronkorken als Spielfiguren. '),
(6, 20, 2, 1, 13, 4, 2012, '930 065 8', 'LC-01515', '4 019593 006586', 'Doppelvinyl inklusive CD und Brettspiel.'),
(7, 18, 2, 1, 1, 11, 2007, '930 018-9', 'LC-12111', '', 'inkl. Downloadcode'),
(8, 4, 4, 1, 29, 11, 2012, '600753407233', 'LC-12333', '600753407233', ''),
(10, 23, 4, 2, 29, 10, 1984, '823 777-2', 'LC0309', '042282377722', ''),
(11, 24, 6, 2, 25, 4, 2014, '3740916', 'LC-67890', '602537409167', 'Issued in a regular jewel case. Parental Advisory logo is printed on the booklet.'),
(12, 21, 7, 2, 0, 11, 2007, '5051442 3337 2 5', 'LC03077', '5051442333725', 'Inkl. Poster mit Songtexten'),
(13, 18, 2, 2, 2, 11, 2007, '930 018-8', 'LC 01515', '4 019593 001888', 'Verpackt in einem Pizzakarton. Inklusive Downloadcode.'),
(14, 25, 8, 1, 0, 6, 1970, 'SHVL 777', 'LC4711', '', 'Gatefold'),
(15, 26, 9, 1, 0, 0, 1972, 'TPSP 351', 'LC76543', '', 'Innenfarbe: grau. Bei jüngeren Veröffentlichungen beige.'),
(16, 27, 7, 1, 22, 4, 2011, '5249854630', 'LC12321', '5052498546305', ''),
(17, 28, 10, 1, 0, 0, 1986, '207 945-620', 'LC24689', '', ''),
(18, 29, 11, 1, 5, 11, 2014, 'SOFTLIMIT01LP', 'LC35791', '5 414939 741913', 'inkl. Downloadcode'),
(19, 30, 12, 1, 20, 1, 2014, 'RTRADLPX680', 'LC57913', '883870068031', 'The second disc is single sided & contains etched artwork on the flip side (Side D).'),
(20, 31, 13, 1, 0, 0, 1977, '', 'LC46802', 'PE 34974', ''),
(21, 32, 14, 1, 0, 0, 1977, 'K 56344', 'LC97531', '', 'Early copies come with a large 4 page booklet with credits, lyrics and photos. '),
(22, 33, 8, 1, 24, 3, 1973, 'SHVL 804', 'LC86420', '', 'Auf dem Label werden die Songs mit römischen Zahlen nummeriert (z.B. (a)(II) )'),
(23, 42, 5, 2, 1, 8, 2014, '1234', 'LC 00392', '1234', ''),
(24, 43, 5, 2, 0, 0, 2011, '12345678', 'LC-01515', '743521754245', ''),
(26, 44, 5, 2, 21, 9, 2004, '', 'LC 01557', '', ''),
(27, 45, 6, 2, 26, 2, 2007, '0946 3 88687 2 9', 'LC 03098', '094638868729', ''),
(28, 46, 6, 2, 0, 12, 2009, '509999 65111 2 1', 'LC 03098', '509999-65111-21', ''),
(29, 47, 17, 2, 25, 9, 2007, '88697 11516-2', 'LC 00316', '', ''),
(30, 48, 16, 2, 0, 0, 1986, '7 46033 2', 'LC 10794', '', ''),
(31, 48, 16, 1, 0, 0, 1981, '1C 088-78 044', 'LC 10794', '', ''),
(32, 49, 15, 4, 23, 1, 2015, '0602547200853', 'LC 02182', '', 'Track 15 Bonus Track in iTunes Version'),
(33, 49, 15, 2, 23, 1, 2015, '0602547200853', 'LC 02182', '', '');

-- --------------------------------------------------------

--
-- Tabellenstruktur für Tabelle `subgenre`
--

CREATE TABLE IF NOT EXISTS `subgenre` (
`subgenre_id` int(11) NOT NULL,
  `genre_id` int(11) NOT NULL,
  `name` varchar(50) COLLATE latin1_general_ci NOT NULL
) ENGINE=InnoDB AUTO_INCREMENT=36 DEFAULT CHARSET=latin1 COLLATE=latin1_general_ci;

--
-- Daten für Tabelle `subgenre`
--

INSERT INTO `subgenre` (`subgenre_id`, `genre_id`, `name`) VALUES
(1, 1, 'Alternative'),
(2, 1, 'Garage'),
(3, 1, 'Punk'),
(4, 1, 'Classic Rock'),
(5, 1, 'Pop Rock'),
(6, 1, 'Indie'),
(7, 1, 'Ska'),
(8, 1, 'Rock & Roll'),
(9, 2, 'Thrash Metal'),
(10, 2, 'Power Metal'),
(11, 2, 'Death Metal'),
(12, 2, 'Doom Metal'),
(13, 2, 'Black Metal'),
(14, 2, 'Alternative Metal'),
(15, 1, 'Hardrock'),
(16, 2, 'Nu Metal'),
(17, 3, 'Schlager'),
(18, 3, 'Dance'),
(19, 4, 'Blues Rock'),
(20, 4, 'Rythm & Blues'),
(21, 4, 'Electric Blues'),
(22, 5, 'Moderne Klassik'),
(23, 5, 'Barock'),
(24, 5, 'Oper'),
(25, 3, 'Rap'),
(26, 7, 'House'),
(27, 7, 'Disco'),
(28, 7, 'Trance'),
(29, 7, 'Industrial'),
(30, 7, 'Dubstep'),
(31, 7, 'Techno'),
(32, 9, 'Funk'),
(33, 9, 'Swing'),
(34, 9, 'Big Band'),
(35, 9, 'Easy Listening');

-- --------------------------------------------------------

--
-- Tabellenstruktur für Tabelle `track`
--

CREATE TABLE IF NOT EXISTS `track` (
`track_id` int(11) NOT NULL,
  `number` varchar(8) COLLATE latin1_general_ci NOT NULL,
  `title` varchar(255) COLLATE latin1_general_ci NOT NULL,
  `duration` time NOT NULL
) ENGINE=InnoDB AUTO_INCREMENT=309 DEFAULT CHARSET=latin1 COLLATE=latin1_general_ci;

--
-- Daten für Tabelle `track`
--

INSERT INTO `track` (`track_id`, `number`, `title`, `duration`) VALUES
(1, 'A1', 'Out Of The Black', '00:04:00'),
(2, 'A2', 'Come On Over', '00:02:51'),
(7, 'A1', 'Ist das noch Punkrock?', '00:02:59'),
(8, 'A2', 'Bettmagnet', '00:03:07'),
(9, 'A3', 'Sohn der Leere', '00:03:42'),
(10, 'A4', 'TCR', '00:03:44'),
(11, 'B1', 'Das darfst du', '00:03:20'),
(12, 'B2', 'Tamagotchi', '00:03:06'),
(13, 'B3', 'M&F', '00:04:16'),
(14, 'B4', 'Freundschaft ist Kunst', '00:03:22'),
(15, 'C1', 'Angekumpelt', '00:02:34'),
(16, 'C2', 'Waldspaziergang mit Folgen', '00:03:27'),
(17, 'C3', 'Fiasko', '00:02:44'),
(18, 'C4', 'Miststück', '00:03:39'),
(19, 'D1', 'Das finde ich gut', '00:02:27'),
(20, 'D2', 'Cpt. Metal', '00:04:36'),
(21, 'D3', 'Die Hard', '00:02:20'),
(22, 'D4', 'zeiDverschwÄndung', '00:02:59'),
(23, 'A1', 'Himmelblau', '00:03:16'),
(24, 'A2', 'Lied vom Scheitern', '00:03:29'),
(25, 'A3', 'Breit', '00:03:14'),
(26, 'A4', 'Lasse Redn', '00:02:49'),
(27, 'A5', 'Die Ewige Maitresse', '00:02:24'),
(28, 'A6', 'Junge', '00:03:07'),
(29, 'A7', 'Nur Einen Kuss', '00:04:25'),
(30, 'A8', 'Perfekt', '00:02:35'),
(31, 'A1', 'Cocaine', '00:03:38'),
(32, 'A2', 'Wonderful Tonight', '00:03:41'),
(33, 'A3', 'Lay Down Sally', '00:03:52'),
(34, 'A4', 'Next Time You See Her', '00:03:58'),
(35, 'A5', 'We''re All The Way', '00:02:30'),
(36, 'B1', 'The Core', '00:08:42'),
(37, 'B2', 'May You Never', '00:02:57'),
(38, 'B3', 'Mean Old Frisco', '00:04:38'),
(39, 'B4', 'Peaches And Diesel', '00:04:48'),
(41, '1', 'Knocking at Your Back Door', '00:07:00'),
(42, '2', 'Under the Gun', '00:04:35'),
(43, '3', 'Nobody''s Home', '00:03:55'),
(44, '4', 'Mean Streak', '00:04:20'),
(45, '5', 'Perfect Strangers', '00:05:23'),
(46, '6', 'A Gypsy''s Kiss', '00:05:12'),
(47, '7', 'Wasted Sunsets', '00:03:55'),
(48, '8', 'Hungry Daze', '00:04:44'),
(49, '9', 'Not Responsible', '00:04:36'),
(51, '1', 'Walk The Line', '00:03:39'),
(52, '2', 'Don''t Need Y''all', '00:03:33'),
(53, '3', '100', '00:04:10'),
(54, '4', 'Change Your Life', '00:03:41'),
(55, '5', 'Fancy', '00:03:20'),
(56, '1', 'Tales Of Girls, Boys & Marsupials', '00:01:10'),
(57, '2', 'Kill The Director', '00:02:42'),
(58, '3', 'Moving To New York', '00:03:31'),
(59, '4', 'Lost In The Post', '00:03:06'),
(60, '5', 'Party In A Forest (Where''s Laura)', '00:03:27'),
(61, '6', 'School Uniforms', '00:03:14'),
(62, '7', 'Here Comes The Anxiety', '00:02:31'),
(63, '8', 'Let''s Dance To Joy Division', '00:03:12'),
(64, '9', 'Backfire At The Disco', '00:03:13'),
(65, '10', 'Little Miss Pipedream', '00:04:12'),
(66, '11', 'Dr Suzanne Mattox PhD', '00:03:32'),
(67, '12', 'Patricia The Stripper', '00:04:02'),
(68, '13', 'My First Wedding', '00:06:38'),
(69, '1', 'Himmelblau', '00:03:16'),
(70, '2', 'Lied vom Scheitern', '00:03:29'),
(71, '3', 'Breit', '00:03:14'),
(72, '4', 'Lasse Redn', '00:02:49'),
(73, '5', 'Die Ewige Maitresse', '00:02:24'),
(74, '6', 'Junge', '00:03:07'),
(75, '7', 'Nur Einen Kuss', '00:04:25'),
(76, '8', 'Perfekt', '00:02:35'),
(77, '9', 'Heulerei', '00:02:13'),
(78, '10', 'Licht am Ende des Sarges', '00:02:47'),
(79, '11', 'Niedliches Liebeslied', '00:03:40'),
(80, '12', 'Deine Freundin (Wäre mir zu anstrengend)', '00:02:13'),
(81, '13', 'Allein', '00:03:50'),
(82, '14', 'Tu Das Nicht', '00:03:52'),
(83, '15', 'Living Hell', '00:03:41'),
(84, '16', 'Vorbei ist Vorbei', '00:03:04'),
(86, '1', 'Ist das noch Punkrock?', '00:03:00'),
(87, '2', 'Bettmagnet', '00:03:08'),
(88, '3', 'Sohn der Leere', '00:03:43'),
(89, '4', 'TCR', '00:03:44'),
(90, '5', 'Das Darfst Du', '00:03:21'),
(91, '6', 'Tamagotchi', '00:03:07'),
(92, '7', 'M&F', '00:04:16'),
(93, '8', 'Freundschaft ist Kunst', '00:03:23'),
(94, '9', 'Angekumpelt', '00:02:35'),
(95, '10', 'Waldspaziergang mit Folgen', '00:03:27'),
(96, '11', 'Fiasko', '00:02:45'),
(97, '12', 'Miststück', '00:03:40'),
(98, '13', 'Das finde ich gut', '00:02:27'),
(99, '14', 'Cpt. Metal', '00:04:36'),
(100, '15', 'Die Hard', '00:02:21'),
(101, '16', 'zeiDverschwÄndung', '00:03:00'),
(102, 'B1', 'Heulerei', '00:02:13'),
(103, 'B2', 'Licht am Ende des Sarges', '00:02:47'),
(104, 'B3', 'Niedliches Liebeslied', '00:03:40'),
(105, 'B4', 'Deine Freundin (wäre mir zu anstrengend)', '00:02:12'),
(106, 'B5', 'Allein', '00:03:50'),
(107, 'B6', 'Tu das nicht', '00:03:52'),
(108, 'B7', 'Living Hell', '00:03:41'),
(109, 'B8', 'Vorbei ist vorbei', '00:03:04'),
(110, 'C1', 'Wir sind die Besten', '00:02:29'),
(111, 'C2', 'Wir waren die Besten', '00:04:14'),
(112, 'D1', 'Wir sind die Lustigsten', '00:04:35'),
(113, 'A3', 'Figure It Out', '00:03:04'),
(114, 'A4', 'You Can Be So Cruel', '00:02:45'),
(115, 'A5', 'Blood Hands', '00:03:07'),
(116, 'B1', 'Little Monster', '00:03:34'),
(117, 'B2', 'Loose Change', '00:02:36'),
(118, 'B3', 'Careless', '00:03:22'),
(119, 'B4', 'Ten Tonne Skeleton', '00:03:08'),
(120, 'B5', 'Better Strangers', '00:04:12'),
(121, '6', 'New Bitch', '00:03:38'),
(122, '7', 'Work', '00:03:43'),
(123, '8', 'Impossible Is Nothing', '00:03:11'),
(124, '9', 'Goddess', '00:03:10'),
(125, '10', 'Black Widow', '00:03:29'),
(126, '11', 'Lady Patra', '00:03:56'),
(127, '12', 'Fuck Love', '00:02:40'),
(128, 'A1', 'Speed King', '00:05:51'),
(129, 'A2', 'Bloodsucker', '00:04:08'),
(130, 'A3', 'Child In Time', '00:10:16'),
(131, 'B1', 'Flight Of The Rat', '00:07:53'),
(132, 'B2', 'Into The Fire', '00:03:29'),
(133, 'B3', 'Living Wreck', '00:04:30'),
(134, 'B4', 'Hard Lovin'' Man', '00:07:10'),
(135, 'A1', 'HIghway Star', '00:06:42'),
(136, 'A2', 'Child In Time', '00:12:18'),
(137, 'B1', 'Smoke On The Water', '00:07:37'),
(138, 'B2', 'The Mule', '00:09:28'),
(139, 'C1', 'Strange Kind Of Woman', '00:09:52'),
(140, 'C2', 'Lazy', '00:10:27'),
(141, 'D', 'Space Truckin''', '00:19:53'),
(142, 'A1', 'Our Perfect Disease', '00:03:44'),
(143, 'A2', 'Tokyo (Vampires And Wolves)', '00:03:45'),
(144, 'A3', 'Jump Into The Fog', '00:03:52'),
(145, 'A4', 'Anti-D', '00:04:41'),
(146, 'A5', 'Last Night I Dreamt...', '00:03:32'),
(147, 'B1', 'Techno Fan', '00:03:59'),
(148, 'B2', '1996', '00:04:20'),
(149, 'B3', 'Walking Disasters', '00:04:17'),
(150, 'B4', 'Girls/Fast Cars', '00:03:35'),
(151, 'B5', 'Schumacher The Champagne', '00:04:52'),
(152, 'A1', 'Do The Strand', '00:04:00'),
(153, 'A2', 'Beauty Queen', '00:04:35'),
(154, 'A3', 'Strictly Confidential', '00:03:42'),
(155, 'A4', 'Editions Of You', '00:03:40'),
(156, 'A5', 'In Every Dream Home A Heartache', '00:04:25'),
(157, 'B1', 'The Bogus Man', '00:09:22'),
(158, 'B2', 'Grey Lagoons', '00:04:11'),
(159, 'B3', 'For Your Pleasure', '00:06:58'),
(160, 'A1', 'All The Rage Back Home', '00:04:22'),
(161, 'A2', 'My Desire', '00:05:00'),
(162, 'A3', 'Anywhere', '00:03:13'),
(163, 'A4', 'Same Town, New Story', '00:04:09'),
(164, 'A5', 'My Blue Supreme', '00:03:09'),
(165, 'B1', 'Everything Is Wrong', '00:03:32'),
(166, 'B2', 'Breaker 1', '00:04:13'),
(167, 'B3', 'Ancient Ways', '00:03:00'),
(168, 'B4', 'Tidal Wave', '00:04:17'),
(169, 'B5', 'Twice As Hard', '00:04:56'),
(170, 'A1', 'Intro', '00:01:51'),
(171, 'A2', 'Keep It Healthy', '00:04:01'),
(172, 'A3', 'Love Is To Die', '00:04:51'),
(173, 'A4', 'Hi', '00:05:10'),
(174, 'B1', 'Biggy', '00:05:55'),
(175, 'B2', 'Teese', '00:04:41'),
(176, 'B3', 'Disco/Very', '00:04:04'),
(177, 'B4', 'Go In', '00:04:00'),
(178, 'C1', 'Feeling Alright', '00:03:32'),
(179, 'C2', 'CC', '00:03:48'),
(180, 'C3', 'Drive', '00:05:11'),
(181, 'C4', 'Son', '00:04:06'),
(182, 'A1', 'Bat Out Of Hell', '00:09:48'),
(183, 'A2', 'You Took The Words Right Out Of My Mouth (Hot Summer Night)', '00:05:04'),
(184, 'A3', 'Heaven Can Wait', '00:04:38'),
(185, 'A4', 'All Revved Up With No Place To Go', '00:04:19'),
(186, 'B1', 'Two Out Of Three Ain''t Bad', '00:05:23'),
(187, 'B2', 'Paradise By The Dashboard Light', '00:08:28'),
(188, 'B3', 'For Crying Out Loud', '00:08:45'),
(189, 'A1', 'Second Hand News', '00:02:43'),
(190, 'A2', 'Dreams', '00:04:14'),
(191, 'A3', 'Never Going Back Again', '00:02:02'),
(192, 'A4', 'Don''t Stop', '00:03:11'),
(193, 'A5', 'Go Your Own Way', '00:03:38'),
(194, 'A6', 'Songbird', '00:03:20'),
(195, 'B1', 'The Chain', '00:04:28'),
(196, 'B2', 'You Make Loving Fun', '00:03:31'),
(197, 'B3', 'I Don''t Want To Know', '00:03:11'),
(198, 'B4', 'Oh Daddy', '00:03:54'),
(199, 'B5', 'Gold Dust Woman', '00:04:51'),
(200, 'A1', 'Speak To Me', '00:01:07'),
(201, 'A2', 'Breathe', '00:02:50'),
(202, 'A3', 'On The Run', '00:03:45'),
(203, 'A4', 'Time', '00:06:53'),
(204, 'A5', 'The Great Gig In The Sky', '00:04:44'),
(205, 'B1', 'Money', '00:06:23'),
(206, 'B2', 'Us And Them', '00:07:49'),
(207, 'B3', 'Any Colour You Like', '00:03:26'),
(208, 'B4', 'Brain Damage', '00:03:47'),
(209, 'B5', 'Eclipse', '00:02:13'),
(210, '1', 'A Real Paradise', '00:02:09'),
(211, '2', 'DNA', '00:02:05'),
(212, '3', 'Be Smart and Breathe', '00:02:48'),
(213, '5', 'Everything Went Black', '00:03:03'),
(214, '4', 'Make a Wish', '00:03:43'),
(215, '6', 'Up on the Roof', '00:02:50'),
(216, '7', 'Pass the Message', '00:03:43'),
(217, '8', 'Gentleman of the Yea', '00:04:08'),
(218, '9', 'Wicked Witch', '00:02:30'),
(219, '10', 'Creep Magnet', '00:02:52'),
(220, '11', 'I Never Was', '00:02:45'),
(221, '1', 'Fix It', '00:02:56'),
(222, '2', 'Milk & Honey', '00:03:04'),
(223, '3', 'Cheap Comments ', '00:03:17'),
(224, '4', 'Let''s See', '00:02:55'),
(226, '1', 'American Idiot', '00:02:56'),
(227, '2', 'Jesus of Suburbia', '00:09:08'),
(228, '3', 'Holiday', '00:03:53'),
(229, '4', 'Boulevard of Broken Dreams', '00:04:21'),
(230, '5', 'We Are the Waiting', '00:02:44'),
(231, '6', 'St. Jimmy', '00:02:56'),
(232, '7', 'Give Me Novacaine', '00:03:26'),
(233, '8', 'She''s a Rebel', '00:02:01'),
(234, '9', 'Extraordinary Girl', '00:03:35'),
(235, '10', 'Letterbomb', '00:04:07'),
(236, '11', 'Wake Me Up When September Ends', '00:04:46'),
(237, '12', 'Homecoming', '00:09:18'),
(238, '13', 'Whatsername', '00:04:12'),
(239, '1', 'Attack', '00:03:09'),
(240, '2', 'A Beautiful Lie', '00:04:05'),
(241, '3', 'The Kill', '00:03:51'),
(242, '4', 'Was It a Dream?', '00:04:15'),
(243, '5', 'The Fantasy', '00:04:29'),
(244, '6', 'Savior', '00:03:11'),
(245, '7', 'From Yesterday', '00:04:08'),
(246, '8', 'The Story', '00:03:55'),
(247, '9', 'R-Evolve', '00:03:59'),
(248, '10', 'A Modern Myth', '00:14:10'),
(249, '11', 'Battle of One', '00:02:47'),
(250, '12', 'Hunter', '00:03:54'),
(251, '1', 'Escape', '00:02:23'),
(252, '2', 'Night Of The Hunter', '00:05:40'),
(253, '3', 'Kings And Queens', '00:05:47'),
(254, '4', 'This Is War', '00:05:27'),
(255, '5', '100 Suns', '00:01:58'),
(256, '6', 'Hurricane', '00:06:12'),
(257, '7', 'Closer To The Edge', '00:04:33'),
(258, '8', 'Vox Populi', '00:05:42'),
(259, '9', 'Search And Destroy', '00:05:38'),
(260, '10', 'Alibi', '00:05:59'),
(261, '11', 'Stranger In A Strange Land', '00:06:54'),
(262, '12', 'L490', '00:04:26'),
(263, '1', 'The Pretender', '00:04:29'),
(264, '2', 'Let It Die', '00:04:05'),
(265, '3', 'Erase/Replace', '00:04:13'),
(266, '4', 'Long Road To Ruin', '00:03:44'),
(267, '5', 'Come Alive', '00:05:10'),
(268, '6', 'Stranger Things Have Happened', '00:05:21'),
(269, '7', 'Cheer Up, Boys (Your Make Up Is Running)', '00:03:41'),
(270, '8', 'Summer''s End', '00:04:37'),
(271, '9', 'Ballad Of The Beaconsfield Miners', '00:02:32'),
(272, '10', 'Statues', '00:03:47'),
(273, '11', 'But, Honestly', '00:04:35'),
(274, '12', 'Home', '00:04:53'),
(275, '1', 'Bohemian Rhapsody', '00:05:52'),
(276, '2', 'Another One Bites The Dust', '00:03:32'),
(277, '3', 'Killer Queen', '00:02:59'),
(278, '4', 'Fat Bottomed Girls', '00:03:21'),
(279, '5', 'Bicycle Race', '00:02:59'),
(280, '6', 'You''re My Best Friend', '00:02:50'),
(281, '7', 'Don''t Stop Me Now', '00:03:29'),
(282, '8', 'Save Me', '00:03:48'),
(283, '9', 'Crazy Little Thing Called Love', '00:02:41'),
(284, '10', 'Somebody To Love', '00:04:53'),
(285, '11', 'Now I''m Here', '00:04:12'),
(286, '12', 'Good Old-Fashioned Lover Boy', '00:02:53'),
(287, '13', 'Play The Game', '00:03:28'),
(288, '14', 'Flash', '00:02:16'),
(289, '15', 'Seven Seas Of Rhye', '00:02:47'),
(290, '16', 'We Will Rock You', '00:02:00'),
(291, '17', 'We Are The Champions', '00:03:00'),
(292, '1', 'siehe CD-Tracklist', '00:13:37'),
(293, '1', 'Eclipse', '00:03:12'),
(294, '2', 'Follow Me (feat. Jason Derulo)', '00:03:19'),
(295, '3', 'Sally (feat. Harrison)', '00:03:19'),
(296, '4', 'Let Me Be Your Home (feat. Bright Lights)', '00:04:38'),
(297, '5', 'Colors (feat. Tiesto, Andreas Moe)', '00:04:00'),
(298, '6', 'Where Is Here Now (feat. Funkerman, I-Fan)', '00:03:15'),
(299, '7', 'United We Are (feat. Amba Shephard)', '00:05:15'),
(300, '8', 'Don''t Stop The Madness (feat. W&W, Fatman Scoop)', '00:03:45'),
(301, '9', 'Young Again (feat. Chris Jones)', '00:03:39'),
(302, '10', 'Echo (feat. Jonathan Mendelson)', '00:05:08'),
(303, '11', 'Arcadia (feat. Joey Dale, Luciana)', '00:03:13'),
(304, '12', 'Area 51 (feat. DallasK)', '00:03:00'),
(305, '13', 'Nothing Can Hold Us Down (feat. Headhunterz, Haris)', '00:03:18'),
(306, '14', 'Birds Fly (feat. Mr. Probz)', '00:03:27'),
(307, '15', 'Dare You (feat. Matthes Koma & Bebe Rexha)', '00:03:06'),
(308, '1', 's. Tracklist mp3-Version', '00:13:37');

-- --------------------------------------------------------

--
-- Tabellenstruktur für Tabelle `tracklist_item`
--

CREATE TABLE IF NOT EXISTS `tracklist_item` (
`tracklist_item_id` int(11) NOT NULL,
  `release_id` int(11) NOT NULL,
  `track_id` int(11) NOT NULL
) ENGINE=InnoDB AUTO_INCREMENT=311 DEFAULT CHARSET=latin1 COLLATE=latin1_general_ci;

--
-- Daten für Tabelle `tracklist_item`
--

INSERT INTO `tracklist_item` (`tracklist_item_id`, `release_id`, `track_id`) VALUES
(3, 2, 1),
(4, 2, 2),
(9, 6, 7),
(10, 6, 8),
(11, 6, 9),
(12, 6, 10),
(13, 6, 11),
(14, 6, 12),
(15, 6, 13),
(16, 6, 14),
(17, 6, 15),
(18, 6, 16),
(19, 6, 17),
(20, 6, 18),
(21, 6, 19),
(22, 6, 20),
(23, 6, 21),
(24, 6, 22),
(25, 7, 23),
(26, 7, 24),
(27, 7, 25),
(28, 7, 26),
(29, 7, 27),
(30, 7, 28),
(31, 7, 29),
(32, 7, 30),
(33, 8, 31),
(34, 8, 32),
(35, 8, 33),
(36, 8, 34),
(37, 8, 35),
(38, 8, 36),
(39, 8, 37),
(40, 8, 38),
(41, 8, 39),
(43, 10, 41),
(44, 10, 42),
(45, 10, 43),
(46, 10, 44),
(47, 10, 45),
(48, 10, 46),
(49, 10, 47),
(50, 10, 48),
(51, 10, 49),
(53, 11, 51),
(54, 11, 52),
(55, 11, 53),
(56, 11, 54),
(57, 11, 55),
(58, 12, 56),
(59, 12, 57),
(60, 12, 58),
(61, 12, 59),
(62, 12, 60),
(63, 12, 61),
(64, 12, 62),
(65, 12, 63),
(66, 12, 64),
(67, 12, 65),
(68, 12, 66),
(69, 12, 67),
(70, 12, 68),
(71, 13, 69),
(72, 13, 70),
(73, 13, 71),
(74, 13, 72),
(75, 13, 73),
(76, 13, 74),
(77, 13, 75),
(78, 13, 76),
(79, 13, 77),
(80, 13, 78),
(81, 13, 79),
(82, 13, 80),
(83, 13, 81),
(84, 13, 82),
(85, 13, 83),
(86, 13, 84),
(88, 5, 86),
(89, 5, 87),
(90, 5, 88),
(91, 5, 89),
(92, 5, 90),
(93, 5, 91),
(94, 5, 92),
(95, 5, 93),
(96, 5, 94),
(97, 5, 95),
(98, 5, 96),
(99, 5, 97),
(100, 5, 98),
(101, 5, 99),
(102, 5, 100),
(103, 5, 101),
(104, 7, 102),
(105, 7, 103),
(106, 7, 104),
(107, 7, 105),
(108, 7, 106),
(109, 7, 107),
(110, 7, 108),
(111, 7, 109),
(112, 7, 110),
(113, 7, 111),
(114, 7, 112),
(115, 2, 113),
(116, 2, 114),
(117, 2, 115),
(118, 2, 116),
(119, 2, 117),
(120, 2, 118),
(121, 2, 119),
(122, 2, 120),
(123, 11, 121),
(124, 11, 122),
(125, 11, 123),
(126, 11, 124),
(127, 11, 125),
(128, 11, 126),
(129, 11, 127),
(130, 14, 128),
(131, 14, 129),
(132, 14, 130),
(133, 14, 131),
(134, 14, 132),
(135, 14, 133),
(136, 14, 134),
(137, 15, 135),
(138, 15, 136),
(139, 15, 137),
(140, 15, 138),
(141, 15, 139),
(142, 15, 140),
(143, 15, 141),
(144, 16, 142),
(145, 16, 143),
(146, 16, 144),
(147, 16, 145),
(148, 16, 146),
(149, 16, 147),
(150, 16, 148),
(151, 16, 149),
(152, 16, 150),
(153, 16, 151),
(154, 17, 152),
(155, 17, 153),
(156, 17, 154),
(157, 17, 155),
(158, 17, 156),
(159, 17, 157),
(160, 17, 158),
(161, 17, 159),
(162, 18, 160),
(163, 18, 161),
(164, 18, 162),
(165, 18, 163),
(166, 18, 164),
(167, 18, 165),
(168, 18, 166),
(169, 18, 167),
(170, 18, 168),
(171, 18, 169),
(172, 19, 170),
(173, 19, 171),
(174, 19, 172),
(175, 19, 173),
(176, 19, 174),
(177, 19, 175),
(178, 19, 176),
(179, 19, 177),
(180, 19, 178),
(181, 19, 179),
(182, 19, 180),
(183, 19, 181),
(184, 20, 182),
(185, 20, 183),
(186, 20, 184),
(187, 20, 185),
(188, 20, 186),
(189, 20, 187),
(190, 20, 188),
(191, 21, 189),
(192, 21, 190),
(193, 21, 191),
(194, 21, 192),
(195, 21, 193),
(196, 21, 194),
(197, 21, 195),
(198, 21, 196),
(199, 21, 197),
(200, 21, 198),
(201, 21, 199),
(202, 22, 200),
(203, 22, 201),
(204, 22, 202),
(205, 22, 203),
(206, 22, 204),
(207, 22, 205),
(208, 22, 206),
(209, 22, 207),
(210, 22, 208),
(211, 22, 209),
(212, 23, 210),
(213, 23, 211),
(214, 23, 212),
(215, 23, 213),
(216, 23, 214),
(217, 23, 215),
(218, 23, 216),
(219, 23, 217),
(220, 23, 218),
(221, 23, 219),
(222, 23, 220),
(223, 24, 221),
(224, 24, 222),
(225, 24, 223),
(226, 24, 224),
(228, 26, 226),
(229, 26, 227),
(230, 26, 228),
(231, 26, 229),
(232, 26, 230),
(233, 26, 231),
(234, 26, 232),
(235, 26, 233),
(236, 26, 234),
(237, 26, 235),
(238, 26, 236),
(239, 26, 237),
(240, 26, 238),
(241, 27, 239),
(242, 27, 240),
(243, 27, 241),
(244, 27, 242),
(245, 27, 243),
(246, 27, 244),
(247, 27, 245),
(248, 27, 246),
(249, 27, 247),
(250, 27, 248),
(251, 27, 249),
(252, 27, 250),
(253, 28, 251),
(254, 28, 252),
(255, 28, 253),
(256, 28, 254),
(257, 28, 255),
(258, 28, 256),
(259, 28, 257),
(260, 28, 258),
(261, 28, 259),
(262, 28, 260),
(263, 28, 261),
(264, 28, 262),
(265, 29, 263),
(266, 29, 264),
(267, 29, 265),
(268, 29, 266),
(269, 29, 267),
(270, 29, 268),
(271, 29, 269),
(272, 29, 270),
(273, 29, 271),
(274, 29, 272),
(275, 29, 273),
(276, 29, 274),
(277, 30, 275),
(278, 30, 276),
(279, 30, 277),
(280, 30, 278),
(281, 30, 279),
(282, 30, 280),
(283, 30, 281),
(284, 30, 282),
(285, 30, 283),
(286, 30, 284),
(287, 30, 285),
(288, 30, 286),
(289, 30, 287),
(290, 30, 288),
(291, 30, 289),
(292, 30, 290),
(293, 30, 291),
(294, 31, 292),
(295, 32, 293),
(296, 32, 294),
(297, 32, 295),
(298, 32, 296),
(299, 32, 297),
(300, 32, 298),
(301, 32, 299),
(302, 32, 300),
(303, 32, 301),
(304, 32, 302),
(305, 32, 303),
(306, 32, 304),
(307, 32, 305),
(308, 32, 306),
(309, 32, 307),
(310, 33, 308);

-- --------------------------------------------------------

--
-- Tabellenstruktur für Tabelle `user`
--

CREATE TABLE IF NOT EXISTS `user` (
`user_id` int(11) NOT NULL,
  `user_name` varchar(40) COLLATE latin1_general_ci NOT NULL,
  `password` varchar(255) COLLATE latin1_general_ci NOT NULL,
  `email` varchar(255) COLLATE latin1_general_ci NOT NULL
) ENGINE=InnoDB AUTO_INCREMENT=4 DEFAULT CHARSET=latin1 COLLATE=latin1_general_ci;

--
-- Daten für Tabelle `user`
--

INSERT INTO `user` (`user_id`, `user_name`, `password`, `email`) VALUES
(2, 'Cosmic', '4e87fdda293a23837115557b71d8a09c903535f3005c58970d5f522a', 'lukas@web.de'),
(3, 'bambi', '0f718591f23a55c81c95b083150a39e7565440385a95c09b2b2de80f', 'mariusbarz@web.de');

--
-- Indizes der exportierten Tabellen
--

--
-- Indizes für die Tabelle `artist`
--
ALTER TABLE `artist`
 ADD PRIMARY KEY (`artist_id`);

--
-- Indizes für die Tabelle `collection_item`
--
ALTER TABLE `collection_item`
 ADD PRIMARY KEY (`coll_item_id`), ADD KEY `release_id` (`release_id`), ADD KEY `user_id` (`user_id`);

--
-- Indizes für die Tabelle `format`
--
ALTER TABLE `format`
 ADD PRIMARY KEY (`format_id`);

--
-- Indizes für die Tabelle `genre`
--
ALTER TABLE `genre`
 ADD PRIMARY KEY (`genre_id`);

--
-- Indizes für die Tabelle `label`
--
ALTER TABLE `label`
 ADD PRIMARY KEY (`label_id`);

--
-- Indizes für die Tabelle `master`
--
ALTER TABLE `master`
 ADD PRIMARY KEY (`master_id`), ADD KEY `artist_id` (`artist_id`), ADD KEY `genre_id` (`genre_id`);

--
-- Indizes für die Tabelle `master_subgenre`
--
ALTER TABLE `master_subgenre`
 ADD PRIMARY KEY (`master_subg_id`), ADD KEY `master_id` (`master_id`,`subgenre_id`), ADD KEY `subgenre_id` (`subgenre_id`);

--
-- Indizes für die Tabelle `release`
--
ALTER TABLE `release`
 ADD PRIMARY KEY (`release_id`), ADD KEY `master_id` (`master_id`), ADD KEY `format_id` (`format_id`), ADD KEY `label_id` (`label_id`);

--
-- Indizes für die Tabelle `subgenre`
--
ALTER TABLE `subgenre`
 ADD PRIMARY KEY (`subgenre_id`), ADD KEY `genre_id` (`genre_id`);

--
-- Indizes für die Tabelle `track`
--
ALTER TABLE `track`
 ADD PRIMARY KEY (`track_id`);

--
-- Indizes für die Tabelle `tracklist_item`
--
ALTER TABLE `tracklist_item`
 ADD PRIMARY KEY (`tracklist_item_id`), ADD KEY `release_id` (`release_id`), ADD KEY `track_id` (`track_id`);

--
-- Indizes für die Tabelle `user`
--
ALTER TABLE `user`
 ADD PRIMARY KEY (`user_id`);

--
-- AUTO_INCREMENT für exportierte Tabellen
--

--
-- AUTO_INCREMENT für Tabelle `artist`
--
ALTER TABLE `artist`
MODIFY `artist_id` int(11) NOT NULL AUTO_INCREMENT,AUTO_INCREMENT=24;
--
-- AUTO_INCREMENT für Tabelle `collection_item`
--
ALTER TABLE `collection_item`
MODIFY `coll_item_id` int(11) NOT NULL AUTO_INCREMENT,AUTO_INCREMENT=22;
--
-- AUTO_INCREMENT für Tabelle `format`
--
ALTER TABLE `format`
MODIFY `format_id` int(11) NOT NULL AUTO_INCREMENT,AUTO_INCREMENT=5;
--
-- AUTO_INCREMENT für Tabelle `genre`
--
ALTER TABLE `genre`
MODIFY `genre_id` int(11) NOT NULL AUTO_INCREMENT,AUTO_INCREMENT=10;
--
-- AUTO_INCREMENT für Tabelle `label`
--
ALTER TABLE `label`
MODIFY `label_id` int(11) NOT NULL AUTO_INCREMENT,AUTO_INCREMENT=18;
--
-- AUTO_INCREMENT für Tabelle `master`
--
ALTER TABLE `master`
MODIFY `master_id` int(11) NOT NULL AUTO_INCREMENT,AUTO_INCREMENT=50;
--
-- AUTO_INCREMENT für Tabelle `master_subgenre`
--
ALTER TABLE `master_subgenre`
MODIFY `master_subg_id` int(11) NOT NULL AUTO_INCREMENT,AUTO_INCREMENT=25;
--
-- AUTO_INCREMENT für Tabelle `release`
--
ALTER TABLE `release`
MODIFY `release_id` int(11) NOT NULL AUTO_INCREMENT,AUTO_INCREMENT=34;
--
-- AUTO_INCREMENT für Tabelle `subgenre`
--
ALTER TABLE `subgenre`
MODIFY `subgenre_id` int(11) NOT NULL AUTO_INCREMENT,AUTO_INCREMENT=36;
--
-- AUTO_INCREMENT für Tabelle `track`
--
ALTER TABLE `track`
MODIFY `track_id` int(11) NOT NULL AUTO_INCREMENT,AUTO_INCREMENT=309;
--
-- AUTO_INCREMENT für Tabelle `tracklist_item`
--
ALTER TABLE `tracklist_item`
MODIFY `tracklist_item_id` int(11) NOT NULL AUTO_INCREMENT,AUTO_INCREMENT=311;
--
-- AUTO_INCREMENT für Tabelle `user`
--
ALTER TABLE `user`
MODIFY `user_id` int(11) NOT NULL AUTO_INCREMENT,AUTO_INCREMENT=4;
--
-- Constraints der exportierten Tabellen
--

--
-- Constraints der Tabelle `collection_item`
--
ALTER TABLE `collection_item`
ADD CONSTRAINT `collection_item_ibfk_1` FOREIGN KEY (`release_id`) REFERENCES `release` (`release_id`),
ADD CONSTRAINT `collection_item_ibfk_2` FOREIGN KEY (`user_id`) REFERENCES `user` (`user_id`);

--
-- Constraints der Tabelle `master`
--
ALTER TABLE `master`
ADD CONSTRAINT `master_ibfk_1` FOREIGN KEY (`artist_id`) REFERENCES `artist` (`artist_id`),
ADD CONSTRAINT `master_ibfk_2` FOREIGN KEY (`genre_id`) REFERENCES `genre` (`genre_id`);

--
-- Constraints der Tabelle `master_subgenre`
--
ALTER TABLE `master_subgenre`
ADD CONSTRAINT `master_subgenre_ibfk_1` FOREIGN KEY (`master_id`) REFERENCES `master` (`master_id`),
ADD CONSTRAINT `master_subgenre_ibfk_2` FOREIGN KEY (`subgenre_id`) REFERENCES `subgenre` (`subgenre_id`);

--
-- Constraints der Tabelle `release`
--
ALTER TABLE `release`
ADD CONSTRAINT `release_ibfk_1` FOREIGN KEY (`master_id`) REFERENCES `master` (`master_id`),
ADD CONSTRAINT `release_ibfk_2` FOREIGN KEY (`format_id`) REFERENCES `format` (`format_id`),
ADD CONSTRAINT `release_ibfk_3` FOREIGN KEY (`label_id`) REFERENCES `label` (`label_id`);

--
-- Constraints der Tabelle `subgenre`
--
ALTER TABLE `subgenre`
ADD CONSTRAINT `subgenre_ibfk_1` FOREIGN KEY (`genre_id`) REFERENCES `genre` (`genre_id`);

--
-- Constraints der Tabelle `tracklist_item`
--
ALTER TABLE `tracklist_item`
ADD CONSTRAINT `tracklist_item_ibfk_1` FOREIGN KEY (`release_id`) REFERENCES `release` (`release_id`),
ADD CONSTRAINT `tracklist_item_ibfk_2` FOREIGN KEY (`track_id`) REFERENCES `track` (`track_id`);

/*!40101 SET CHARACTER_SET_CLIENT=@OLD_CHARACTER_SET_CLIENT */;
/*!40101 SET CHARACTER_SET_RESULTS=@OLD_CHARACTER_SET_RESULTS */;
/*!40101 SET COLLATION_CONNECTION=@OLD_COLLATION_CONNECTION */;
